region,year,powertrain_type,sum_volume,sum_powertrain,ratio_volume
china,2018,BEV,0.882896,26.973253,0.032732277415705106
china,2018,FCEV,4.5e-05,26.973253,1.6683193532496805e-06
china,2018,HEV,0.268343,26.973253,0.009948484893535088
china,2018,HICEV,0.0,26.973253,0.0
china,2018,ICE-D,1.918304,26.973253,0.07111874863591722
china,2018,ICE-G,23.618319,26.973253,0.8756199706427698
china,2018,PHEV,0.285346,26.973253,0.010578850092719628
china,2019,BEV,0.978511,24.594935,0.0397850614364299
china,2019,FCEV,0.000137,24.594935,5.570252574361347e-06
china,2019,HEV,0.610474,24.594935,0.024821126788909992
china,2019,HICEV,0.0,24.594935,0.0
china,2019,ICE-D,1.916695,24.594935,0.07793047633587973
china,2019,ICE-G,20.866144,24.594935,0.8483919148393765
china,2019,PHEV,0.222974,24.594935,0.009065850346829541
china,2020,BEV,1.088084,23.522658999999997,0.04625684536769419
china,2020,FCEV,0.000291,23.522658999999997,1.2371050398681546e-05
china,2020,HEV,1.264999,23.522658999999997,0.0537778913514837
china,2020,HICEV,0.0,23.522658999999997,0.0
china,2020,ICE-D,2.121161,23.522658999999997,0.0901752221124321
china,2020,ICE-G,18.828152,23.522658999999997,0.8004261763094045
china,2020,PHEV,0.219972,23.522658999999997,0.009351493808586861
china,2021,BEV,2.96473,24.855173999999998,0.1192801949404981
china,2021,FCEV,0.000304,24.855173999999998,1.2230853825444957e-05
china,2021,HEV,1.657829,24.855173999999998,0.06669955317955127
china,2021,HICEV,0.0,24.855173999999998,0.0
china,2021,ICE-D,2.047389,24.855173999999998,0.08237274862771027
china,2021,ICE-G,17.685775,24.855173999999998,0.711553055311542
china,2021,PHEV,0.499147,24.855173999999998,0.02008221708687294
china,2022,BEV,5.728376,26.416936,0.21684483014987052
china,2022,FCEV,0.001272,26.416936,4.815092863154152e-05
china,2022,HEV,2.164234,26.416936,0.08192600383329846
china,2022,HICEV,0.0,26.416936,0.0
china,2022,ICE-D,1.446892,26.416936,0.05477137848234936
china,2022,ICE-G,15.736068,26.416936,0.5956810434033681
china,2022,PHEV,1.340094,26.416936,0.05072859320248192
china,2023,BEV,7.122369,26.821131,0.2655506585460546
china,2023,FCEV,0.003386,26.821131,0.0001262437441582907
china,2023,HEV,2.952714,26.821131,0.11008909355835889
china,2023,HICEV,0.0,26.821131,0.0
china,2023,ICE-D,1.576127,26.821131,0.05876437499969707
china,2023,ICE-G,13.153975,26.821131,0.4904332706924253
china,2023,PHEV,2.01256,26.821131,0.07503635845930584
china,2024,BEV,9.234966,28.347718,0.3257745826313074
china,2024,FCEV,0.006172,28.347718,0.00021772475653948585
china,2024,HEV,3.881205,28.347718,0.13691419535075097
china,2024,HICEV,0.0,28.347718,0.0
china,2024,ICE-D,1.734162,28.347718,0.06117465963221449
china,2024,ICE-G,11.037354,28.347718,0.38935599683896954
china,2024,PHEV,2.453859,28.347718,0.0865628407902181
china,2025,BEV,11.322646,29.713786,0.381056994891193
china,2025,FCEV,0.008477,29.713786,0.000285288451629826
china,2025,HEV,4.879874,29.713786,0.16422929074066833
china,2025,HICEV,0.0,29.713786,0.0
china,2025,ICE-D,1.782183,29.713786,0.059978321173882056
china,2025,ICE-G,8.958145,29.713786,0.3014811037543314
china,2025,PHEV,2.762461,29.713786,0.09296900098829547
china,2026,BEV,13.355847,30.852406,0.43289482836443943
china,2026,FCEV,0.012562,30.852406,0.0004071643553504385
china,2026,HEV,5.760965,30.852406,0.18672660407749075
china,2026,HICEV,0.000172,30.852406,5.5749298774299815e-06
china,2026,ICE-D,1.782632,30.852406,0.057779351146876524
china,2026,ICE-G,6.94635,30.852406,0.22514775670980086
china,2026,PHEV,2.993878,30.852406,0.09703872041616463
china,2027,BEV,14.979526,31.576536,0.4743878809252541
china,2027,FCEV,0.01413,31.576536,0.0004474841698912129
china,2027,HEV,5.942591,31.576536,0.18819641901188908
china,2027,HICEV,0.001172,31.576536,3.711616752388546e-05
china,2027,ICE-D,1.72504,31.576536,0.0546304382469312
china,2027,ICE-G,5.751863,31.576536,0.1821562377836505
china,2027,PHEV,3.162214,31.576536,0.10014442369486
china,2028,BEV,16.608041,32.387010000000004,0.5127994526200473
china,2028,FCEV,0.016213,32.387010000000004,0.0005006019388637605
china,2028,HEV,5.993337,32.387010000000004,0.1850537298750332
china,2028,HICEV,0.001348,32.387010000000004,4.162162546033116e-05
china,2028,ICE-D,1.651491,32.387010000000004,0.05099238861506511
china,2028,ICE-G,4.917457,32.387010000000004,0.15183423848018077
china,2028,PHEV,3.199123,32.387010000000004,0.09877796684534941
china,2029,BEV,18.348604,33.095571,0.5544126735266178
china,2029,FCEV,0.018054,33.095571,0.0005455110594707673
china,2029,HEV,5.759736,33.095571,0.17403343788810896
china,2029,HICEV,0.001557,33.095571,4.7045569934418115e-05
china,2029,ICE-D,1.634801,33.095571,0.0493963678704924
china,2029,ICE-G,4.193417,33.095571,0.12670628949112256
china,2029,PHEV,3.139402,33.095571,0.09485867459425311
china,2030,BEV,19.74793,33.51992,0.5891401292127189
china,2030,FCEV,0.022134,33.51992,0.0006603237716557796
china,2030,HEV,5.470269,33.51992,0.1631945720634178
china,2030,HICEV,0.002772,33.51992,8.269709474246956e-05
china,2030,ICE-D,1.555403,33.51992,0.046402348215628206
china,2030,ICE-G,3.624586,33.51992,0.10813229864510417
china,2030,PHEV,3.096826,33.51992,0.0923876309967327
eastern europe,2018,BEV,0.009037,4.733552,0.0019091371553539497
eastern europe,2018,FCEV,0.0,4.733552,0.0
eastern europe,2018,HEV,0.033812,4.733552,0.007143050292887878
eastern europe,2018,ICE-D,1.303369,4.733552,0.2753469276348923
eastern europe,2018,ICE-G,3.376816,4.733552,0.7133788748914134
eastern europe,2018,PHEV,0.010518,4.733552,0.002222010025452345
eastern europe,2019,BEV,0.019302,4.826906,0.0039988348644038225
eastern europe,2019,FCEV,0.0,4.826906,0.0
eastern europe,2019,HEV,0.129157,4.826906,0.02675772016277093
eastern europe,2019,ICE-D,1.123635,4.826906,0.23278576379983365
eastern europe,2019,ICE-G,3.508987,4.826906,0.7269640220878549
eastern europe,2019,PHEV,0.045825,4.826906,0.009493659085136524
eastern europe,2020,BEV,0.125973,3.958851,0.03182059643063101
eastern europe,2020,FCEV,0.0,3.958851,0.0
eastern europe,2020,HEV,0.457041,3.958851,0.11544789131998147
eastern europe,2020,ICE-D,0.80267,3.958851,0.20275327361398546
eastern europe,2020,ICE-G,2.49216,3.958851,0.6295159883511655
eastern europe,2020,PHEV,0.081007,3.958851,0.02046225028423651
eastern europe,2021,BEV,0.223045,3.7786120000000003,0.05902828869436713
eastern europe,2021,FCEV,0.0,3.7786120000000003,0.0
eastern europe,2021,HEV,0.688285,3.7786120000000003,0.18215286459684138
eastern europe,2021,ICE-D,0.664331,3.7786120000000003,0.17581349977187388
eastern europe,2021,ICE-G,2.052269,3.7786120000000003,0.5431277410858801
eastern europe,2021,PHEV,0.150682,3.7786120000000003,0.03987760585103736
eastern europe,2022,BEV,0.216702,3.993027,0.05427010636291715
eastern europe,2022,FCEV,0.0,3.993027,0.0
eastern europe,2022,HEV,0.889269,3.993027,0.22270548133032908
eastern europe,2022,ICE-D,0.667651,3.993027,0.16720422877180643
eastern europe,2022,ICE-G,2.036933,3.993027,0.5101225210848812
eastern europe,2022,PHEV,0.182472,3.993027,0.045697662450066075
eastern europe,2023,BEV,0.297206,3.973758,0.0747921740579069
eastern europe,2023,FCEV,0.0,3.973758,0.0
eastern europe,2023,HEV,1.010318,3.973758,0.2542474906624913
eastern europe,2023,ICE-D,0.704447,3.973758,0.17727476106999973
eastern europe,2023,ICE-G,1.737872,3.973758,0.43733715037503545
eastern europe,2023,PHEV,0.223915,3.973758,0.056348423834566674
eastern europe,2024,BEV,0.353573,4.1105220000000005,0.08601656918513026
eastern europe,2024,FCEV,4.4e-05,4.1105220000000005,1.0704236590875805e-05
eastern europe,2024,HEV,1.221814,4.1105220000000005,0.2972405937737348
eastern europe,2024,ICE-D,0.58001,4.1105220000000005,0.14110373329713355
eastern europe,2024,ICE-G,1.700231,4.1105220000000005,0.4136289746168491
eastern europe,2024,PHEV,0.25485,4.1105220000000005,0.061999424890561344
eastern europe,2025,BEV,0.667574,4.194651,0.15914887794002408
eastern europe,2025,FCEV,0.000265,4.194651,6.317569685773619e-05
eastern europe,2025,HEV,1.43744,4.194651,0.3426840516648465
eastern europe,2025,ICE-D,0.407952,4.194651,0.09725529013021583
eastern europe,2025,ICE-G,1.402474,4.194651,0.3343481972636102
eastern europe,2025,PHEV,0.278946,4.194651,0.06650040730444559
eastern europe,2026,BEV,1.069329,4.267582,0.25057022923051037
eastern europe,2026,FCEV,0.000529,4.267582,0.00012395778218204126
eastern europe,2026,HEV,1.755662,4.267582,0.4113950241612229
eastern europe,2026,ICE-D,0.212237,4.267582,0.04973237772584101
eastern europe,2026,ICE-G,1.006178,4.267582,0.23577238820484295
eastern europe,2026,PHEV,0.223647,4.267582,0.05240602289540072
eastern europe,2027,BEV,1.398273,4.204854,0.3325378241432402
eastern europe,2027,FCEV,0.000667,4.204854,0.00015862619724727657
eastern europe,2027,HEV,2.021079,4.204854,0.48065378726585983
eastern europe,2027,ICE-D,0.054094,4.204854,0.012864655942869837
eastern europe,2027,ICE-G,0.55134,4.204854,0.13111989143975036
eastern europe,2027,PHEV,0.179401,4.204854,0.04266521501103249
eastern europe,2028,BEV,1.570544,4.2092149999999995,0.3731204036857229
eastern europe,2028,FCEV,0.000883,4.2092149999999995,0.00020977783268376647
eastern europe,2028,HEV,2.059709,4.2092149999999995,0.48933328423470884
eastern europe,2028,ICE-D,0.018136,4.2092149999999995,0.004308641872653215
eastern europe,2028,ICE-G,0.399716,4.2092149999999995,0.09496212476673205
eastern europe,2028,PHEV,0.160227,4.2092149999999995,0.038065767607499267
eastern europe,2029,BEV,1.747368,4.240444,0.41207194340969955
eastern europe,2029,FCEV,0.002456,4.240444,0.0005791846325526288
eastern europe,2029,HEV,2.019387,4.240444,0.4762206504790536
eastern europe,2029,ICE-D,0.005234,4.240444,0.0012343047096011644
eastern europe,2029,ICE-G,0.329416,4.240444,0.0776843179629303
eastern europe,2029,PHEV,0.136583,4.240444,0.032209598806162754
eastern europe,2030,BEV,2.059646,4.222816,0.48774230276668457
eastern europe,2030,FCEV,0.008399,4.222816,0.0019889571319233424
eastern europe,2030,HEV,1.780751,4.222816,0.4216975118025507
eastern europe,2030,ICE-D,0.003957,4.222816,0.0009370524313633366
eastern europe,2030,ICE-G,0.256515,4.222816,0.06074500996491441
eastern europe,2030,PHEV,0.113548,4.222816,0.026889165902563596
india,2018,BEV,0.001594,4.659338,0.00034210868582618386
india,2018,CNG,0.130681,4.659338,0.028047117423118904
india,2018,HEV,0.134666,4.659338,0.028902389137684368
india,2018,ICE-D,1.719564,4.659338,0.3690575785658821
india,2018,ICE-G,2.672833,4.659338,0.5736508061874884
india,2019,BEV,0.001937,4.152304,0.0004664880028051896
india,2019,CNG,0.116462,4.152304,0.028047561064893128
india,2019,HEV,0.120422,4.152304,0.029001248463503635
india,2019,ICE-D,1.457056,4.152304,0.3509030167348055
india,2019,ICE-G,2.456427,4.152304,0.5915816857339925
india,2020,BEV,0.00385,3.226219,0.0011933473828032134
india,2020,CNG,0.023685,3.226219,0.007341411106933535
india,2020,HEV,0.132329,3.226219,0.04101674436856271
india,2020,ICE-D,0.763416,3.226219,0.23662869755586957
india,2020,ICE-G,2.302939,3.226219,0.713819799585831
india,2021,BEV,0.010475,4.096481000000001,0.0025570727656249346
india,2021,CNG,0.011123,4.096481000000001,0.002715257314753809
india,2021,HEV,0.219777,4.096481000000001,0.05365019391033425
india,2021,ICE-D,0.986186,4.096481000000001,0.24073979593704933
india,2021,ICE-G,2.86892,4.096481000000001,0.7003376800722375
india,2022,BEV,0.060092,5.072122,0.011847506822588257
india,2022,CNG,0.019339,5.072122,0.003812802610031856
india,2022,HEV,0.336888,5.072122,0.06641953801584426
india,2022,ICE-D,1.230476,5.072122,0.2425958997043052
india,2022,ICE-G,3.425327,5.072122,0.6753242528472303
india,2023,BEV,0.185515,5.456129,0.03400121221474053
india,2023,CNG,0.029327,5.456129,0.00537505619826804
india,2023,HEV,0.626881,5.456129,0.11489482745001081
india,2023,ICE-D,1.160099,5.456129,0.21262308864031623
india,2023,ICE-G,3.454307,5.456129,0.6331058154966644
india,2024,BEV,0.249491,5.317918000000001,0.046915164919805075
india,2024,CNG,0.023855,5.317918000000001,0.004485778080820351
india,2024,HEV,0.645615,5.317918000000001,0.12140371476205537
india,2024,ICE-D,1.082381,5.317918000000001,0.2035347291928909
india,2024,ICE-G,3.316576,5.317918000000001,0.6236606130444282
india,2025,BEV,0.417355,5.6084760000000005,0.07441504608382027
india,2025,CNG,0.031351,5.6084760000000005,0.0055899320956352486
india,2025,HEV,0.794676,5.6084760000000005,0.14169196765752406
india,2025,ICE-D,1.040253,5.6084760000000005,0.18547872898092102
india,2025,ICE-G,3.324841,5.6084760000000005,0.5928243251820994
india,2026,BEV,0.538843,5.72579,0.09410806194429065
india,2026,CNG,0.032331,5.72579,0.005646557068980874
india,2026,HEV,0.811475,5.72579,0.1417228015697397
india,2026,ICE-D,1.00352,5.72579,0.1752631514603225
india,2026,ICE-G,3.339621,5.72579,0.5832594279566663
india,2027,BEV,0.690679,5.773091,0.11963764298882523
india,2027,CNG,0.033112,5.773091,0.005735575621447852
india,2027,HEV,0.870427,5.773091,0.15077313002687814
india,2027,ICE-D,0.887945,5.773091,0.15380755300756563
india,2027,ICE-G,3.290928,5.773091,0.5700460983552832
india,2028,BEV,0.806551,6.169975,0.13072192350860418
india,2028,CNG,0.035513,6.169975,0.005755776968302141
india,2028,HEV,1.06276,6.169975,0.17224705124412984
india,2028,ICE-D,0.803951,6.169975,0.13030052795999983
india,2028,ICE-G,3.4612,6.169975,0.560974720318964
india,2029,BEV,0.865724,6.372651,0.13584989982975687
india,2029,CNG,0.037027,6.372651,0.005810297786588344
india,2029,HEV,1.237039,6.372651,0.1941168596868085
india,2029,ICE-D,0.776714,6.372651,0.12188240027580359
india,2029,ICE-G,3.456147,6.372651,0.5423405424210427
india,2030,BEV,0.968899,6.833181,0.1417932585131288
india,2030,CNG,0.05063,6.833181,0.007409433468833915
india,2030,HEV,1.398602,6.833181,0.20467802623697512
india,2030,ICE-D,0.776601,6.833181,0.11365146042523973
india,2030,ICE-G,3.638449,6.833181,0.5324678213558225
indonesia,2018,BEV,0.0,1.230206,0.0
indonesia,2018,HEV,0.0,1.230206,0.0
indonesia,2018,ICE-D,0.16542,1.230206,0.13446528467589983
indonesia,2018,ICE-G,1.064786,1.230206,0.8655347153241003
indonesia,2018,PHEV,0.0,1.230206,0.0
indonesia,2019,BEV,0.0,1.205185,0.0
indonesia,2019,HEV,0.0,1.205185,0.0
indonesia,2019,ICE-D,0.159298,1.205185,0.1321772176055958
indonesia,2019,ICE-G,1.045887,1.205185,0.8678227823944042
indonesia,2019,PHEV,0.0,1.205185,0.0
indonesia,2020,BEV,0.0,0.6871659999999999,0.0
indonesia,2020,HEV,0.0,0.6871659999999999,0.0
indonesia,2020,ICE-D,0.107749,0.6871659999999999,0.15680199544214937
indonesia,2020,ICE-G,0.579417,0.6871659999999999,0.8431980045578507
indonesia,2020,PHEV,0.0,0.6871659999999999,0.0
indonesia,2021,BEV,0.0,1.075314,0.0
indonesia,2021,HEV,0.0,1.075314,0.0
indonesia,2021,ICE-D,0.170611,1.075314,0.158661563041121
indonesia,2021,ICE-G,0.904703,1.075314,0.8413384369588789
indonesia,2021,PHEV,0.0,1.075314,0.0
indonesia,2022,BEV,0.0,1.3199919999999998,0.0
indonesia,2022,HEV,0.008785,1.3199919999999998,0.006655343365717368
indonesia,2022,ICE-D,0.165555,1.3199919999999998,0.12542121467402834
indonesia,2022,ICE-G,1.145652,1.3199919999999998,0.8679234419602543
indonesia,2022,PHEV,0.0,1.3199919999999998,0.0
indonesia,2023,BEV,0.002279,1.2455239999999999,0.0018297519758752143
indonesia,2023,HEV,0.043918,1.2455239999999999,0.0352606613762561
indonesia,2023,ICE-D,0.150451,1.2455239999999999,0.12079333678034307
indonesia,2023,ICE-G,1.048876,1.2455239999999999,0.8421162498675256
indonesia,2023,PHEV,0.0,1.2455239999999999,0.0
indonesia,2024,BEV,0.024289,1.26531,0.019196086334574137
indonesia,2024,HEV,0.144871,1.26531,0.11449447171048993
indonesia,2024,ICE-D,0.152888,1.26531,0.12083046842275806
indonesia,2024,ICE-G,0.943262,1.26531,0.745478973532178
indonesia,2024,PHEV,0.0,1.26531,0.0
indonesia,2025,BEV,0.046112,1.2527679999999999,0.036808092160719307
indonesia,2025,HEV,0.18917,1.2527679999999999,0.151001622008225
indonesia,2025,ICE-D,0.141032,1.2527679999999999,0.11257631101688421
indonesia,2025,ICE-G,0.876454,1.2527679999999999,0.6996139748141715
indonesia,2025,PHEV,0.0,1.2527679999999999,0.0
indonesia,2026,BEV,0.06361,1.2978839999999998,0.04901054331511908
indonesia,2026,HEV,0.204311,1.2978839999999998,0.1574185366334742
indonesia,2026,ICE-D,0.135999,1.2978839999999998,0.10478517340532746
indonesia,2026,ICE-G,0.893964,1.2978839999999998,0.6887857466460794
indonesia,2026,PHEV,0.0,1.2978839999999998,0.0
indonesia,2027,BEV,0.071682,1.333177,0.05376780427505124
indonesia,2027,HEV,0.186949,1.333177,0.14022819175548332
indonesia,2027,ICE-D,0.14285,1.333177,0.10715006334492719
indonesia,2027,ICE-G,0.931696,1.333177,0.6988539406245382
indonesia,2027,PHEV,0.0,1.333177,0.0
indonesia,2028,BEV,0.083806,1.386746,0.060433561733727735
indonesia,2028,HEV,0.236629,1.386746,0.17063615110481659
indonesia,2028,ICE-D,0.151296,1.386746,0.10910145044586392
indonesia,2028,ICE-G,0.909636,1.386746,0.6559499720929427
indonesia,2028,PHEV,0.005379,1.386746,0.003878864622648993
indonesia,2029,BEV,0.088944,1.4530059999999998,0.06121378714196638
indonesia,2029,HEV,0.290294,1.4530059999999998,0.19978857623437207
indonesia,2029,ICE-D,0.151245,1.4530059999999998,0.10409110492317307
indonesia,2029,ICE-G,0.9165,1.4530059999999998,0.6307613320247818
indonesia,2029,PHEV,0.006023,1.4530059999999998,0.004145199675706777
indonesia,2030,BEV,0.142151,1.486841,0.09560605337087152
indonesia,2030,HEV,0.311323,1.486841,0.20938553618039857
indonesia,2030,ICE-D,0.155604,1.486841,0.10465409549507983
indonesia,2030,ICE-G,0.86935,1.486841,0.5846960098625206
indonesia,2030,PHEV,0.008413,1.486841,0.005658305091129448
iran,2018,ICE-D,0.017077,0.948232,0.01800930573952366
iran,2018,ICE-G,0.931155,0.948232,0.9819906942604764
iran,2019,ICE-D,0.015628,0.685812,0.022787586102313753
iran,2019,ICE-G,0.670184,0.685812,0.9772124138976863
iran,2020,ICE-D,0.010747,0.871513,0.012331428217364514
iran,2020,ICE-G,0.860766,0.871513,0.9876685717826356
iran,2021,ICE-D,0.036378,0.972602,0.03740276084153642
iran,2021,ICE-G,0.936224,0.972602,0.9625972391584635
iran,2022,ICE-D,0.03537,1.0491279999999998,0.033713712721421984
iran,2022,ICE-G,1.013758,1.0491279999999998,0.9662862872785781
iran,2023,ICE-D,0.012956,0.98598,0.013140225968072376
iran,2023,ICE-G,0.973024,0.98598,0.9868597740319277
iran,2024,ICE-D,0.012747,1.077155,0.011833951474021843
iran,2024,ICE-G,1.064408,1.077155,0.9881660485259781
iran,2025,ICE-D,0.01004,1.131222,0.008875357798911267
iran,2025,ICE-G,1.121182,1.131222,0.9911246422010886
iran,2026,ICE-D,0.007226,1.1313549999999999,0.0063870314799510325
iran,2026,ICE-G,1.124129,1.1313549999999999,0.993612968520049
iran,2027,ICE-D,0.006158,1.1149950000000002,0.005522894721500993
iran,2027,ICE-G,1.108837,1.1149950000000002,0.9944771052784989
iran,2028,ICE-D,0.00514,1.1258009999999998,0.004565638154522869
iran,2028,ICE-G,1.120661,1.1258009999999998,0.9954343618454772
iran,2029,ICE-D,0.005548,1.113267,0.004983530455856502
iran,2029,ICE-G,1.107719,1.113267,0.9950164695441434
iran,2030,ICE-D,0.004318,1.129701,0.003822250312250763
iran,2030,ICE-G,1.125383,1.129701,0.9961777496877492
japan,2018,BEV,0.165491,9.592377,0.01725234527375227
japan,2018,CNG,0.000739,9.592377,7.70403415128492e-05
japan,2018,FCEV,0.003453,9.592377,0.0003599733413313509
japan,2018,HEV,1.680062,9.592377,0.1751455348345879
japan,2018,ICE-D,0.729959,9.592377,0.07609782226032191
japan,2018,ICE-G,6.914791,9.592377,0.7208631395534183
japan,2018,ICE-LPG,0.002056,9.592377,0.00021433686353236533
japan,2018,PHEV,0.095826,9.592377,0.009989807531543014
japan,2019,BEV,0.149198,9.531409000000002,0.0156532995279082
japan,2019,CNG,0.000393,9.531409000000002,4.123209905272137e-05
japan,2019,FCEV,0.003601,9.531409000000002,0.00037780353355941384
japan,2019,HEV,2.071558,9.531409000000002,0.21734016450243607
japan,2019,ICE-D,0.656031,9.531409000000002,0.06882833377520574
japan,2019,ICE-G,6.554131,9.531409000000002,0.6876350600420147
japan,2019,ICE-LPG,0.000564,9.531409000000002,5.917278337337113e-05
japan,2019,PHEV,0.095933,9.531409000000002,0.010064933736449667
japan,2020,BEV,0.130128,7.920564,0.01642913307688695
japan,2020,CNG,0.00026,7.920564,3.28259452230927e-05
japan,2020,FCEV,0.000881,7.920564,0.00011122945285209487
japan,2020,HEV,2.047267,7.920564,0.25847490153478975
japan,2020,ICE-D,0.456203,7.920564,0.05759728726388677
japan,2020,ICE-G,5.20336,7.920564,0.6569431166770447
japan,2020,ICE-LPG,0.000449,7.920564,5.668788232757163e-05
japan,2020,PHEV,0.082016,7.920564,0.010354818166989119
japan,2021,BEV,0.152871,7.63844,0.02001337969533046
japan,2021,CNG,0.000352,7.63844,4.6082707987494826e-05
japan,2021,FCEV,0.007124,7.63844,0.0009326511696105487
japan,2021,HEV,1.90093,7.63844,0.24886364231439928
japan,2021,ICE-D,0.53133,7.63844,0.06956001487214666
japan,2021,ICE-G,4.923455,7.63844,0.6445628950413959
japan,2021,ICE-LPG,0.000503,7.63844,6.585114237985766e-05
japan,2021,PHEV,0.121875,7.63844,0.015955483056749806
japan,2022,BEV,0.352968,7.5538870000000005,0.04672667197695703
japan,2022,CNG,0.000388,7.5538870000000005,5.136428437438897e-05
japan,2022,FCEV,0.003991,7.5538870000000005,0.0005283372653046041
japan,2022,HEV,2.109849,7.5538870000000005,0.27930640212118607
japan,2022,ICE-D,0.484792,7.5538870000000005,0.0641778199753319
japan,2022,ICE-G,4.449906,7.5538870000000005,0.5890882402662364
japan,2022,ICE-LPG,0.00062,7.5538870000000005,8.207694925804423e-05
japan,2022,PHEV,0.151373,7.5538870000000005,0.0200390871613515
japan,2023,BEV,0.581311,8.057057,0.07214929719375202
japan,2023,CNG,0.000414,8.057057,5.1383526267717846e-05
japan,2023,FCEV,0.004949,8.057057,0.0006142441340554001
japan,2023,HEV,2.796965,8.057057,0.3471447452835446
japan,2023,ICE-D,0.478126,8.057057,0.0593425117881132
japan,2023,ICE-G,3.958527,8.057057,0.4913117779854356
japan,2023,ICE-LPG,0.000314,8.057057,3.897204649290677e-05
japan,2023,PHEV,0.236451,8.057057,0.029347068042338536
japan,2024,BEV,0.764755,8.056087999999999,0.09492882898002108
japan,2024,CNG,0.000421,8.056087999999999,5.22586148512777e-05
japan,2024,FCEV,0.005425,8.056087999999999,0.0006734037661952055
japan,2024,HEV,2.904073,8.056087999999999,0.36048178719001084
japan,2024,ICE-D,0.472792,8.056087999999999,0.05868754164552324
japan,2024,ICE-G,3.642541,8.056087999999999,0.45214761804985254
japan,2024,ICE-LPG,0.000284,8.056087999999999,3.525284232247712e-05
japan,2024,PHEV,0.265797,8.056087999999999,0.032993308911223415
japan,2025,BEV,1.049692,7.974586,0.1316296545049486
japan,2025,CNG,4.5e-05,7.974586,5.6429261656968775e-06
japan,2025,FCEV,0.005621,7.974586,0.0007048641772751589
japan,2025,HEV,2.901928,7.974586,0.36389700982596457
japan,2025,ICE-D,0.477963,7.974586,0.05993577597633282
japan,2025,ICE-G,3.23687,7.974586,0.40589818706576114
japan,2025,ICE-LPG,0.000161,7.974586,2.018913583727105e-05
japan,2025,PHEV,0.302306,7.974586,0.037908676387714675
japan,2026,BEV,1.211216,7.798634000000001,0.15531130195364984
japan,2026,CNG,4.1e-05,7.798634000000001,5.257330963345632e-06
japan,2026,FCEV,0.005415,7.798634000000001,0.0006943523699150389
japan,2026,HEV,3.045264,7.798634000000001,0.3904868467990676
japan,2026,ICE-D,0.42711,7.798634000000001,0.054767283603769576
japan,2026,ICE-G,2.714867,7.798634000000001,0.34812083757232354
japan,2026,ICE-LPG,0.000148,7.798634000000001,1.897768250183301e-05
japan,2026,PHEV,0.394573,7.798634000000001,0.050595142687809166
japan,2027,BEV,1.420452,7.852118,0.18090049079751477
japan,2027,CNG,3.9e-05,7.852118,4.966812775865059e-06
japan,2027,FCEV,0.005755,7.852118,0.0007329232698744466
japan,2027,HEV,3.152018,7.852118,0.4014226480040162
japan,2027,ICE-D,0.409698,7.852118,0.05217675027298367
japan,2027,ICE-G,2.436747,7.852118,0.3103299007987399
japan,2027,ICE-LPG,8.3e-05,7.852118,1.0570396420430769e-05
japan,2027,PHEV,0.427326,7.852118,0.054421749647674676
japan,2028,BEV,1.803756,7.989019999999999,0.22577938220207236
japan,2028,CNG,0.000132,7.989019999999999,1.6522677374696775e-05
japan,2028,FCEV,0.005585,7.989019999999999,0.0006990844934672838
japan,2028,HEV,3.109589,7.989019999999999,0.38923284708262096
japan,2028,ICE-D,0.407525,7.989019999999999,0.051010637099418964
japan,2028,ICE-G,2.185763,7.989019999999999,0.27359588535264656
japan,2028,ICE-LPG,8e-05,7.989019999999999,1.001374386345259e-05
japan,2028,PHEV,0.47659,7.989019999999999,0.059655627348535877
japan,2029,BEV,2.065594,7.905774,0.2612766314847857
japan,2029,CNG,0.000134,7.905774,1.694963706273415e-05
japan,2029,FCEV,0.008084,7.905774,0.0010225437762324092
japan,2029,HEV,3.261765,7.905774,0.41258009652185856
japan,2029,ICE-D,0.383836,7.905774,0.048551349937400186
japan,2029,ICE-G,1.694925,7.905774,0.21439077312354235
japan,2029,ICE-LPG,8e-05,7.905774,1.011918630610994e-05
japan,2029,PHEV,0.491356,7.905774,0.062151536332811945
japan,2030,BEV,2.166128,7.743409,0.27973829097752684
japan,2030,CNG,4.1e-05,7.743409,5.294825573594266e-06
japan,2030,FCEV,0.009988,7.743409,0.0012898711665624276
japan,2030,HEV,3.285583,7.743409,0.4243070461601602
japan,2030,ICE-D,0.363882,7.743409,0.046992480960259236
japan,2030,ICE-G,1.300495,7.743409,0.16794863864223109
japan,2030,ICE-LPG,8e-05,7.743409,1.0331366972866862e-05
japan,2030,PHEV,0.617212,7.743409,0.07970804590071376
malaysia,2018,BEV,0.0,0.286774,0.0
malaysia,2018,HEV,0.0,0.286774,0.0
malaysia,2018,ICE-D,0.0,0.286774,0.0
malaysia,2018,ICE-G,0.286774,0.286774,1.0
malaysia,2018,PHEV,0.0,0.286774,0.0
malaysia,2019,BEV,0.0,0.316667,0.0
malaysia,2019,HEV,0.0,0.316667,0.0
malaysia,2019,ICE-D,0.0,0.316667,0.0
malaysia,2019,ICE-G,0.316667,0.316667,1.0
malaysia,2019,PHEV,0.0,0.316667,0.0
malaysia,2020,BEV,0.0,0.305649,0.0
malaysia,2020,HEV,0.0,0.305649,0.0
malaysia,2020,ICE-D,0.0,0.305649,0.0
malaysia,2020,ICE-G,0.305649,0.305649,1.0
malaysia,2020,PHEV,0.0,0.305649,0.0
malaysia,2021,BEV,0.0,0.256344,0.0
malaysia,2021,HEV,0.0,0.256344,0.0
malaysia,2021,ICE-D,0.0,0.256344,0.0
malaysia,2021,ICE-G,0.256344,0.256344,1.0
malaysia,2021,PHEV,0.0,0.256344,0.0
malaysia,2022,BEV,0.0,0.352561,0.0
malaysia,2022,HEV,0.0,0.352561,0.0
malaysia,2022,ICE-D,0.0,0.352561,0.0
malaysia,2022,ICE-G,0.352561,0.352561,1.0
malaysia,2022,PHEV,0.0,0.352561,0.0
malaysia,2023,BEV,0.0,0.307789,0.0
malaysia,2023,HEV,0.0,0.307789,0.0
malaysia,2023,ICE-D,0.0,0.307789,0.0
malaysia,2023,ICE-G,0.307789,0.307789,1.0
malaysia,2023,PHEV,0.0,0.307789,0.0
malaysia,2024,BEV,0.00921,0.29958100000000004,0.03074293763623193
malaysia,2024,HEV,0.00741,0.29958100000000004,0.024734545915795724
malaysia,2024,ICE-D,0.0,0.29958100000000004,0.0
malaysia,2024,ICE-G,0.27953,0.29958100000000004,0.9330698542297408
malaysia,2024,PHEV,0.003431,0.29958100000000004,0.011452662218231461
malaysia,2025,BEV,0.0287,0.3076,0.09330299089726918
malaysia,2025,HEV,0.018194,0.3076,0.059148244473342
malaysia,2025,ICE-D,0.0,0.3076,0.0
malaysia,2025,ICE-G,0.256066,0.3076,0.8324642392717816
malaysia,2025,PHEV,0.00464,0.3076,0.015084525357607284
malaysia,2026,BEV,0.059423,0.330419,0.1798413529488316
malaysia,2026,HEV,0.02511,0.330419,0.07599441920712792
malaysia,2026,ICE-D,0.0,0.330419,0.0
malaysia,2026,ICE-G,0.239042,0.330419,0.7234511332580753
malaysia,2026,PHEV,0.006844,0.330419,0.020713094585965094
malaysia,2027,BEV,0.066565,0.342259,0.19448721582193604
malaysia,2027,HEV,0.02901,0.342259,0.08476037153150101
malaysia,2027,ICE-D,0.0,0.342259,0.0
malaysia,2027,ICE-G,0.239147,0.342259,0.6987310779263658
malaysia,2027,PHEV,0.007537,0.342259,0.02202133472019728
malaysia,2028,BEV,0.064985,0.337472,0.19256412383842217
malaysia,2028,HEV,0.032446,0.337472,0.09614427271003224
malaysia,2028,ICE-D,0.000189,0.337472,0.0005600464631139769
malaysia,2028,ICE-G,0.230164,0.337472,0.6820239901384412
malaysia,2028,PHEV,0.009688,0.337472,0.02870756684999052
malaysia,2029,BEV,0.094886,0.357074,0.2657320331359886
malaysia,2029,HEV,0.035629,0.357074,0.09978043766838246
malaysia,2029,ICE-D,0.000465,0.357074,0.0013022510740070686
malaysia,2029,ICE-G,0.215737,0.357074,0.6041800859205655
malaysia,2029,PHEV,0.010357,0.357074,0.02900519220105636
malaysia,2030,BEV,0.104768,0.379395,0.27614491493034965
malaysia,2030,HEV,0.059368,0.379395,0.15648071271366254
malaysia,2030,ICE-D,0.000512,0.379395,0.0013495169941617575
malaysia,2030,ICE-G,0.202752,0.379395,0.534408729688056
malaysia,2030,PHEV,0.011995,0.379395,0.03161612567377008
morocco,2018,BEV,0.0,0.402088,0.0
morocco,2018,HEV,0.0,0.402088,0.0
morocco,2018,ICE-D,0.127901,0.402088,0.31809205944967267
morocco,2018,ICE-G,0.274187,0.402088,0.6819079405503273
morocco,2019,BEV,0.0,0.40314,0.0
morocco,2019,HEV,0.0,0.40314,0.0
morocco,2019,ICE-D,0.106612,0.40314,0.26445403581882226
morocco,2019,ICE-G,0.296528,0.40314,0.7355459641811778
morocco,2020,BEV,0.0,0.327387,0.0
morocco,2020,HEV,0.0,0.327387,0.0
morocco,2020,ICE-D,0.101404,0.327387,0.30973740557810786
morocco,2020,ICE-G,0.225983,0.327387,0.6902625944218921
morocco,2021,BEV,0.0,0.393779,0.0
morocco,2021,HEV,0.0,0.393779,0.0
morocco,2021,ICE-D,0.132078,0.393779,0.335411487153962
morocco,2021,ICE-G,0.261701,0.393779,0.664588512846038
morocco,2022,BEV,0.0,0.462238,0.0
morocco,2022,HEV,0.0,0.462238,0.0
morocco,2022,ICE-D,0.13239,0.462238,0.2864108965511274
morocco,2022,ICE-G,0.329848,0.462238,0.7135891034488726
morocco,2023,BEV,0.0,0.533003,0.0
morocco,2023,HEV,0.0,0.533003,0.0
morocco,2023,ICE-D,0.13648,0.533003,0.25605859629307903
morocco,2023,ICE-G,0.396523,0.533003,0.743941403706921
morocco,2024,BEV,0.0,0.58936,0.0
morocco,2024,HEV,0.05739,0.58936,0.09737681552870911
morocco,2024,ICE-D,0.091937,0.58936,0.15599463825166282
morocco,2024,ICE-G,0.440033,0.58936,0.746628546219628
morocco,2025,BEV,0.004536,0.614724,0.007378921271985476
morocco,2025,HEV,0.172554,0.614724,0.280701583149511
morocco,2025,ICE-D,0.038979,0.614724,0.0634089445019228
morocco,2025,ICE-G,0.398655,0.614724,0.6485105510765806
morocco,2026,BEV,0.016052,0.6493930000000001,0.024718467861526067
morocco,2026,HEV,0.228781,0.6493930000000001,0.3522997630094565
morocco,2026,ICE-D,0.038685,0.6493930000000001,0.059571014778416136
morocco,2026,ICE-G,0.365875,0.6493930000000001,0.5634107543506012
morocco,2027,BEV,0.020485,0.632505,0.03238709575418376
morocco,2027,HEV,0.239302,0.632505,0.3783400921731844
morocco,2027,ICE-D,0.038174,0.632505,0.060353673093493335
morocco,2027,ICE-G,0.334544,0.632505,0.5289191389791386
morocco,2028,BEV,0.023464,0.573414,0.04091982407126439
morocco,2028,HEV,0.377981,0.573414,0.6591764414541675
morocco,2028,ICE-D,0.031675,0.573414,0.05523932097925757
morocco,2028,ICE-G,0.140294,0.573414,0.24466441349531057
morocco,2029,BEV,0.025161,0.5438189999999999,0.04626723229603968
morocco,2029,HEV,0.348056,0.5438189999999999,0.6400217719498583
morocco,2029,ICE-D,0.025688,0.5438189999999999,0.04723630472638875
morocco,2029,ICE-G,0.144914,0.5438189999999999,0.26647469102771326
morocco,2030,BEV,0.025382,0.55523,0.0457143886317382
morocco,2030,HEV,0.34885,0.55523,0.6282981827350828
morocco,2030,ICE-D,0.01324,0.55523,0.023845973740612
morocco,2030,ICE-G,0.167758,0.55523,0.30214145489256705
north america,2018,BEV,0.312716,17.010934,0.01838323515922171
north america,2018,FCEV,0.0,17.010934,0.0
north america,2018,HEV,0.253543,17.010934,0.014904707760314632
north america,2018,ICE-D,0.860587,17.010934,0.05059022626270845
north america,2018,ICE-G,15.525318,17.010934,0.9126669940639357
north america,2018,PHEV,0.05877,17.010934,0.003454836753819632
north america,2019,BEV,0.409652,16.373837,0.025018692930679595
north america,2019,FCEV,0.0,16.373837,0.0
north america,2019,HEV,0.56335,16.373837,0.03440549701331459
north america,2019,ICE-D,0.886317,16.373837,0.05413007348247084
north america,2019,ICE-G,14.468648,16.373837,0.8836443162344904
north america,2019,PHEV,0.04587,16.373837,0.002801420339044538
north america,2020,BEV,0.406308,13.092986,0.031032493275407153
north america,2020,FCEV,0.0,13.092986,0.0
north america,2020,HEV,0.789522,13.092986,0.06030114138974867
north america,2020,ICE-D,0.733566,13.092986,0.05602740276358655
north america,2020,ICE-G,11.038896,13.092986,0.8431152374255956
north america,2020,PHEV,0.124694,13.092986,0.00952372514566196
north america,2021,BEV,0.559417,13.130068999999999,0.04260579285607716
north america,2021,FCEV,0.0,13.130068999999999,0.0
north america,2021,HEV,1.187959,13.130068999999999,0.09047621912725669
north america,2021,ICE-D,0.788864,13.130068999999999,0.06008072006323806
north america,2021,ICE-G,10.369176,13.130068999999999,0.7897274568777971
north america,2021,PHEV,0.224653,13.130068999999999,0.01710981107563106
north america,2022,BEV,0.828166,14.346023,0.05772791525567748
north america,2022,FCEV,0.0,14.346023,0.0
north america,2022,HEV,1.492541,14.346023,0.10403865935527914
north america,2022,ICE-D,0.792034,14.346023,0.0552093078339551
north america,2022,ICE-G,10.945197,14.346023,0.7629429424447458
north america,2022,PHEV,0.288085,14.346023,0.020081175110342426
north america,2023,BEV,1.333653,15.119487,0.08820755624843621
north america,2023,FCEV,0.0,15.119487,0.0
north america,2023,HEV,1.918991,15.119487,0.1269217004518738
north america,2023,ICE-D,0.759645,15.119487,0.05024277609418891
north america,2023,ICE-G,10.665039,15.119487,0.7053836548819414
north america,2023,PHEV,0.442159,15.119487,0.029244312323559656
north america,2024,BEV,2.016758,15.91078,0.12675418804106398
north america,2024,FCEV,0.000359,15.91078,2.2563318705933962e-05
north america,2024,HEV,2.275787,15.91078,0.1430342824173296
north america,2024,ICE-D,0.759621,15.91078,0.047742536820947805
north america,2024,ICE-G,10.261759,15.91078,0.6449563754888195
north america,2024,PHEV,0.596496,15.91078,0.037490053913133106
north america,2025,BEV,2.837133,16.557558,0.17134972439776447
north america,2025,FCEV,0.000702,16.557558,4.23975564512593e-05
north america,2025,HEV,2.695897,16.557558,0.16281972257020028
north america,2025,ICE-D,0.711488,16.557558,0.04297058781252646
north america,2025,ICE-G,9.462389,16.557558,0.5714845752012464
north america,2025,PHEV,0.849949,16.557558,0.05133299246181109
north america,2026,BEV,3.519607,16.571025,0.21239525014294533
north america,2026,FCEV,0.000794,16.571025,4.791495999794823e-05
north america,2026,HEV,2.998438,16.571025,0.18094463076363715
north america,2026,ICE-D,0.688799,16.571025,0.041566469183409
north america,2026,ICE-G,8.297169,16.571025,0.5007034266136223
north america,2026,PHEV,1.066218,16.571025,0.06434230833638838
north america,2027,BEV,4.301558,16.412504,0.26209029408309664
north america,2027,FCEV,0.001584,16.412504,9.651178150512561e-05
north america,2027,HEV,3.237594,16.412504,0.1972638666226677
north america,2027,ICE-D,0.701943,16.412504,0.04276879384157348
north america,2027,ICE-G,7.175916,16.412504,0.4372224981635953
north america,2027,PHEV,0.993909,16.412504,0.0605580355075618
north america,2028,BEV,5.024279,16.565155,0.3033040741242687
north america,2028,FCEV,0.002234,16.565155,0.00013486140033099598
north america,2028,HEV,3.431771,16.565155,0.2071680584938686
north america,2028,ICE-D,0.703184,16.565155,0.0424495877038277
north america,2028,ICE-G,6.435425,16.565155,0.3884916863138317
north america,2028,PHEV,0.968262,16.565155,0.05845173196387235
north america,2029,BEV,5.580278,16.557853,0.3370170033518234
north america,2029,FCEV,0.004901,16.557853,0.0002959924816339413
north america,2029,HEV,3.6536,16.557853,0.22065662740211545
north america,2029,ICE-D,0.60946,16.557853,0.03680791223354864
north america,2029,ICE-G,5.762208,16.557853,0.3480045389942766
north america,2029,PHEV,0.947406,16.557853,0.05721792553660187
north america,2030,BEV,6.444867,16.416490000000003,0.3925849557365794
north america,2030,FCEV,0.011259,16.416490000000003,0.000685834791724662
north america,2030,HEV,3.531106,16.416490000000003,0.21509506599766448
north america,2030,ICE-D,0.594611,16.416490000000003,0.03622034917330074
north america,2030,ICE-G,4.952042,16.416490000000003,0.3016504746142445
north america,2030,PHEV,0.882605,16.416490000000003,0.053763319686485955
others asia,2018,BEV,0.0,0.21938,0.0
others asia,2018,CNG,0.009341,0.21938,0.042579086516546634
others asia,2018,HEV,0.0,0.21938,0.0
others asia,2018,ICE-D,0.006726,0.21938,0.030659130276233022
others asia,2018,ICE-G,0.203313,0.21938,0.9267617832072204
others asia,2018,PHEV,0.0,0.21938,0.0
others asia,2019,BEV,0.0,0.283593,0.0
others asia,2019,CNG,0.006681,0.283593,0.023558409410669518
others asia,2019,HEV,0.017365,0.283593,0.06123211785904448
others asia,2019,ICE-D,0.008819,0.283593,0.031097382516493712
others asia,2019,ICE-G,0.250728,0.283593,0.8841120902137923
others asia,2019,PHEV,0.0,0.283593,0.0
others asia,2020,BEV,0.0,0.238264,0.0
others asia,2020,CNG,0.002747,0.238264,0.011529228083134673
others asia,2020,HEV,0.013673,0.238264,0.05738592485646174
others asia,2020,ICE-D,0.006982,0.238264,0.029303629587348487
others asia,2020,ICE-G,0.214862,0.238264,0.9017812174730551
others asia,2020,PHEV,0.0,0.238264,0.0
others asia,2021,BEV,0.00012,0.302907,0.00039616119799146276
others asia,2021,CNG,0.006694,0.302907,0.022099192161290433
others asia,2021,HEV,0.013284,0.302907,0.04385504461765493
others asia,2021,ICE-D,0.006442,0.302907,0.02126725364550836
others asia,2021,ICE-G,0.276367,0.302907,0.9123823483775548
others asia,2021,PHEV,0.0,0.302907,0.0
others asia,2022,BEV,0.013543,0.298897,0.04530992281622097
others asia,2022,CNG,0.004996,0.298897,0.016714788037350655
others asia,2022,HEV,0.012849,0.298897,0.04298805274057618
others asia,2022,ICE-D,0.005368,0.298897,0.0179593639280421
others asia,2022,ICE-G,0.262141,0.298897,0.87702787247781
others asia,2022,PHEV,0.0,0.298897,0.0
others asia,2023,BEV,0.045668,0.373525,0.12226223144367847
others asia,2023,CNG,0.007447,0.373525,0.019937085871092965
others asia,2023,HEV,0.013308,0.373525,0.035628137340204806
others asia,2023,ICE-D,0.00885,0.373525,0.023693193226691656
others asia,2023,ICE-G,0.298252,0.373525,0.7984793521183322
others asia,2023,PHEV,0.0,0.373525,0.0
others asia,2024,BEV,0.080097,0.39403900000000003,0.20327175736411876
others asia,2024,CNG,0.008762,0.39403900000000003,0.02223637761744396
others asia,2024,HEV,0.019241,0.39403900000000003,0.04883019193531605
others asia,2024,ICE-D,0.012934,0.39403900000000003,0.03282416207532757
others asia,2024,ICE-G,0.273005,0.39403900000000003,0.6928375110077936
others asia,2024,PHEV,0.0,0.39403900000000003,0.0
others asia,2025,BEV,0.084384,0.386003,0.218609699924612
others asia,2025,CNG,0.009041,0.386003,0.023422097755716926
others asia,2025,HEV,0.022595,0.386003,0.058535814488488436
others asia,2025,ICE-D,0.0138,0.386003,0.035751017479138766
others asia,2025,ICE-G,0.256183,0.386003,0.6636813703520439
others asia,2025,PHEV,0.0,0.386003,0.0
others asia,2026,BEV,0.105949,0.365886,0.2895683354924758
others asia,2026,CNG,0.009411,0.365886,0.02572112625243928
others asia,2026,HEV,0.027423,0.365886,0.07494957445761795
others asia,2026,ICE-D,0.003467,0.365886,0.009475629021061206
others asia,2026,ICE-G,0.202393,0.365886,0.553158634110078
others asia,2026,PHEV,0.017243,0.365886,0.04712670066632777
others asia,2027,BEV,0.110905,0.399427,0.2776602483056979
others asia,2027,CNG,0.009659,0.399427,0.024182140916863406
others asia,2027,HEV,0.029686,0.399427,0.07432146549932779
others asia,2027,ICE-D,0.004074,0.399427,0.010199610942675384
others asia,2027,ICE-G,0.199935,0.399427,0.5005545443848313
others asia,2027,PHEV,0.045168,0.399427,0.11308198995060424
others asia,2028,BEV,0.112823,0.407494,0.2768703342871306
others asia,2028,CNG,0.010219,0.407494,0.025077669855261674
others asia,2028,HEV,0.023607,0.407494,0.057932141332142306
others asia,2028,ICE-D,0.00452,0.407494,0.011092187860434753
others asia,2028,ICE-G,0.211199,0.407494,0.5182873858265398
others asia,2028,PHEV,0.045126,0.407494,0.11074028083849087
others asia,2029,BEV,0.115265,0.4134,0.2788219641993227
others asia,2029,CNG,0.004983,0.4134,0.012053701015965167
others asia,2029,HEV,0.022255,0.4134,0.05383405902273827
others asia,2029,ICE-D,0.005541,0.4134,0.013403483309143687
others asia,2029,ICE-G,0.225616,0.4134,0.5457571359458152
others asia,2029,PHEV,0.03974,0.4134,0.096129656507015
others asia,2030,BEV,0.132007,0.434899,0.3035348437223356
others asia,2030,CNG,0.0,0.434899,0.0
others asia,2030,HEV,0.020211,0.434899,0.04647285921558799
others asia,2030,ICE-D,0.005912,0.434899,0.013593960896667963
others asia,2030,ICE-G,0.242819,0.434899,0.5583342339255781
others asia,2030,PHEV,0.03395,0.434899,0.0780641022398304
others middle-east,2018,BEV,0.0,0.000475,0.0
others middle-east,2018,HEV,0.0,0.000475,0.0
others middle-east,2018,ICE-D,0.0,0.000475,0.0
others middle-east,2018,ICE-G,0.000475,0.000475,1.0
others middle-east,2018,PHEV,0.0,0.000475,0.0
others middle-east,2019,BEV,0.0,0.000799,0.0
others middle-east,2019,HEV,0.0,0.000799,0.0
others middle-east,2019,ICE-D,0.0,0.000799,0.0
others middle-east,2019,ICE-G,0.000799,0.000799,1.0
others middle-east,2019,PHEV,0.0,0.000799,0.0
others middle-east,2020,BEV,0.0,0.002162,0.0
others middle-east,2020,HEV,0.0,0.002162,0.0
others middle-east,2020,ICE-D,0.0,0.002162,0.0
others middle-east,2020,ICE-G,0.001876,0.002162,0.8677150786308974
others middle-east,2020,PHEV,0.000286,0.002162,0.1322849213691027
others middle-east,2021,BEV,0.0,0.005369,0.0
others middle-east,2021,HEV,0.0,0.005369,0.0
others middle-east,2021,ICE-D,0.0,0.005369,0.0
others middle-east,2021,ICE-G,0.004587,0.005369,0.8543490407897188
others middle-east,2021,PHEV,0.000782,0.005369,0.14565095921028126
others middle-east,2022,BEV,0.0,0.004802000000000001,0.0
others middle-east,2022,HEV,0.0,0.004802000000000001,0.0
others middle-east,2022,ICE-D,0.000136,0.004802000000000001,0.028321532694710532
others middle-east,2022,ICE-G,0.003906,0.004802000000000001,0.8134110787172011
others middle-east,2022,PHEV,0.00076,0.004802000000000001,0.15826738858808828
others middle-east,2023,BEV,0.0,0.006053,0.0
others middle-east,2023,HEV,0.001434,0.006053,0.2369073186849496
others middle-east,2023,ICE-D,0.0,0.006053,0.0
others middle-east,2023,ICE-G,0.003762,0.006053,0.6215099950437799
others middle-east,2023,PHEV,0.000857,0.006053,0.14158268627127044
others middle-east,2024,BEV,0.0,0.001723,0.0
others middle-east,2024,HEV,0.001723,0.001723,1.0
others middle-east,2024,ICE-D,0.0,0.001723,0.0
others middle-east,2024,ICE-G,0.0,0.001723,0.0
others middle-east,2024,PHEV,0.0,0.001723,0.0
others middle-east,2025,BEV,0.0,0.00169,0.0
others middle-east,2025,HEV,0.00169,0.00169,1.0
others middle-east,2025,ICE-D,0.0,0.00169,0.0
others middle-east,2025,ICE-G,0.0,0.00169,0.0
others middle-east,2025,PHEV,0.0,0.00169,0.0
others middle-east,2026,BEV,0.009612,0.011314000000000001,0.8495669082552589
others middle-east,2026,HEV,0.001702,0.011314000000000001,0.150433091744741
others middle-east,2026,ICE-D,0.0,0.011314000000000001,0.0
others middle-east,2026,ICE-G,0.0,0.011314000000000001,0.0
others middle-east,2026,PHEV,0.0,0.011314000000000001,0.0
others middle-east,2027,BEV,0.010342,0.011966000000000001,0.8642821327093431
others middle-east,2027,HEV,0.001624,0.011966000000000001,0.13571786729065685
others middle-east,2027,ICE-D,0.0,0.011966000000000001,0.0
others middle-east,2027,ICE-G,0.0,0.011966000000000001,0.0
others middle-east,2027,PHEV,0.0,0.011966000000000001,0.0
others middle-east,2028,BEV,0.011746,0.013338,0.8806417753786175
others middle-east,2028,HEV,0.001592,0.013338,0.11935822462138253
others middle-east,2028,ICE-D,0.0,0.013338,0.0
others middle-east,2028,ICE-G,0.0,0.013338,0.0
others middle-east,2028,PHEV,0.0,0.013338,0.0
others middle-east,2029,BEV,0.013058,0.014679000000000001,0.8895701342053273
others middle-east,2029,HEV,0.001621,0.014679000000000001,0.11042986579467266
others middle-east,2029,ICE-D,0.0,0.014679000000000001,0.0
others middle-east,2029,ICE-G,0.0,0.014679000000000001,0.0
others middle-east,2029,PHEV,0.0,0.014679000000000001,0.0
others middle-east,2030,BEV,0.013782,0.015409,0.8944123564150821
others middle-east,2030,HEV,0.001627,0.015409,0.1055876435849179
others middle-east,2030,ICE-D,0.0,0.015409,0.0
others middle-east,2030,ICE-G,0.0,0.015409,0.0
others middle-east,2030,PHEV,0.0,0.015409,0.0
russia,2018,BEV,0.0,1.273949,0.0
russia,2018,HEV,0.0,1.273949,0.0
russia,2018,ICE-D,0.064138,1.273949,0.05034581447137994
russia,2018,ICE-G,1.209765,1.273949,0.949618077332766
russia,2018,PHEV,4.6e-05,1.273949,3.6108195853994156e-05
russia,2019,BEV,0.0,1.2778649999999998,0.0
russia,2019,HEV,0.0,1.2778649999999998,0.0
russia,2019,ICE-D,0.06872,1.2778649999999998,0.05377719868687225
russia,2019,ICE-G,1.209145,1.2778649999999998,0.9462228013131279
russia,2019,PHEV,0.0,1.2778649999999998,0.0
russia,2020,BEV,0.0,1.1430879999999999,0.0
russia,2020,HEV,0.0,1.1430879999999999,0.0
russia,2020,ICE-D,0.05818,1.1430879999999999,0.05089721876181012
russia,2020,ICE-G,1.084908,1.1430879999999999,0.9491027812381899
russia,2020,PHEV,0.0,1.1430879999999999,0.0
russia,2021,BEV,0.0,1.2245949999999999,0.0
russia,2021,HEV,1e-06,1.2245949999999999,8.165965074167379e-07
russia,2021,ICE-D,0.075345,1.2245949999999999,0.06152646385131411
russia,2021,ICE-G,1.149249,1.2245949999999999,0.9384727195521786
russia,2021,PHEV,0.0,1.2245949999999999,0.0
russia,2022,BEV,0.0,0.466751,0.0
russia,2022,HEV,0.004959,0.466751,0.010624508570951105
russia,2022,ICE-D,0.034131,0.466751,0.0731246424753241
russia,2022,ICE-G,0.427661,0.466751,0.9162508489537248
russia,2022,PHEV,0.0,0.466751,0.0
russia,2023,BEV,0.0,0.439211,0.0
russia,2023,HEV,0.025399,0.439211,0.057828697368690674
russia,2023,ICE-D,0.028619,0.439211,0.06516002559134447
russia,2023,ICE-G,0.385193,0.439211,0.8770112770399648
russia,2023,PHEV,0.0,0.439211,0.0
russia,2024,BEV,0.0,0.469485,0.0
russia,2024,HEV,0.027203,0.469485,0.057942213276249516
russia,2024,ICE-D,0.028803,0.469485,0.061350202881881206
russia,2024,ICE-G,0.413479,0.469485,0.8807075838418693
russia,2024,PHEV,0.0,0.469485,0.0
russia,2025,BEV,0.0,0.45338,0.0
russia,2025,HEV,0.027042,0.45338,0.0596453306277295
russia,2025,ICE-D,0.024313,0.45338,0.053626097313511846
russia,2025,ICE-G,0.402025,0.45338,0.8867285720587587
russia,2025,PHEV,0.0,0.45338,0.0
russia,2026,BEV,0.0,0.489577,0.0
russia,2026,HEV,0.026092,0.489577,0.0532949873053677
russia,2026,ICE-D,0.026109,0.489577,0.0533297111588167
russia,2026,ICE-G,0.437376,0.489577,0.8933753015358156
russia,2026,PHEV,0.0,0.489577,0.0
russia,2027,BEV,3.2e-05,0.47699199999999997,6.70870790285791e-05
russia,2027,HEV,0.023805,0.47699199999999997,0.04990649738360392
russia,2027,ICE-D,0.026558,0.47699199999999997,0.055678082651281366
russia,2027,ICE-G,0.426597,0.47699199999999997,0.8943483328860862
russia,2027,PHEV,0.0,0.47699199999999997,0.0
russia,2028,BEV,5.9e-05,0.546092,0.00010804040344850318
russia,2028,HEV,0.024905,0.546092,0.04560586860821986
russia,2028,ICE-D,0.028147,0.546092,0.05154259721805116
russia,2028,ICE-G,0.492981,0.546092,0.9027434937702804
russia,2028,PHEV,0.0,0.546092,0.0
russia,2029,BEV,0.003179,0.5612710000000001,0.005663930614622882
russia,2029,HEV,0.025323,0.5612710000000001,0.04511724282922153
russia,2029,ICE-D,0.034243,0.5612710000000001,0.06100974395612814
russia,2029,ICE-G,0.498526,0.5612710000000001,0.8882090826000274
russia,2029,PHEV,0.0,0.5612710000000001,0.0
russia,2030,BEV,0.003418,0.5772280000000001,0.0059214036741114424
russia,2030,HEV,0.024724,0.5772280000000001,0.042832295037662754
russia,2030,ICE-D,0.035576,0.5772280000000001,0.061632491840312664
russia,2030,ICE-G,0.51351,0.5772280000000001,0.889613809447913
russia,2030,PHEV,0.0,0.5772280000000001,0.0
south africa,2018,BEV,0.0,0.5088109999999999,0.0
south africa,2018,HEV,0.02163,0.5088109999999999,0.042510873389136644
south africa,2018,ICE-D,0.254663,0.5088109999999999,0.5005060818260612
south africa,2018,ICE-G,0.23006,0.5088109999999999,0.45215217438302246
south africa,2018,PHEV,0.002458,0.5088109999999999,0.004830870401779837
south africa,2019,BEV,0.0,0.530059,0.0
south africa,2019,HEV,0.028289,0.530059,0.0533695305616922
south africa,2019,ICE-D,0.25953,0.530059,0.48962473988744654
south africa,2019,ICE-G,0.239334,0.530059,0.4515233209887956
south africa,2019,PHEV,0.002906,0.530059,0.005482408562065733
south africa,2020,BEV,0.0,0.38343299999999997,0.0
south africa,2020,HEV,0.039133,0.38343299999999997,0.10205955147313873
south africa,2020,ICE-D,0.153494,0.38343299999999997,0.40031504852216687
south africa,2020,ICE-G,0.187186,0.38343299999999997,0.48818437640995954
south africa,2020,PHEV,0.00362,0.38343299999999997,0.009441023594734935
south africa,2021,BEV,0.0,0.432225,0.0
south africa,2021,HEV,0.06453,0.432225,0.14929724102030192
south africa,2021,ICE-D,0.149155,0.432225,0.34508647116663776
south africa,2021,ICE-G,0.217914,0.432225,0.5041679680721846
south africa,2021,PHEV,0.000626,0.432225,0.0014483197408757013
south africa,2022,BEV,0.0,0.473446,0.0
south africa,2022,HEV,0.126479,0.473446,0.2671455667594615
south africa,2022,ICE-D,0.150437,0.473446,0.31774901467115574
south africa,2022,ICE-G,0.19218,0.473446,0.40591746471614504
south africa,2022,PHEV,0.00435,0.473446,0.00918795385323775
south africa,2023,BEV,0.0,0.5744279999999999,0.0
south africa,2023,HEV,0.161774,0.5744279999999999,0.2816262438460521
south africa,2023,ICE-D,0.200224,0.5744279999999999,0.34856239598348276
south africa,2023,ICE-G,0.183668,0.5744279999999999,0.3197406811645672
south africa,2023,PHEV,0.028762,0.5744279999999999,0.050070679005898046
south africa,2024,BEV,0.0,0.591494,0.0
south africa,2024,HEV,0.172805,0.591494,0.29215004716869486
south africa,2024,ICE-D,0.204834,0.591494,0.34629937074594164
south africa,2024,ICE-G,0.171272,0.591494,0.2895583049025012
south africa,2024,PHEV,0.042583,0.591494,0.07199227718286239
south africa,2025,BEV,0.0,0.569648,0.0
south africa,2025,HEV,0.197593,0.569648,0.34686859253433694
south africa,2025,ICE-D,0.113904,0.569648,0.19995505996685672
south africa,2025,ICE-G,0.159002,0.569648,0.27912324804089544
south africa,2025,PHEV,0.099149,0.569648,0.17405309945791084
south africa,2026,BEV,0.0,0.5528850000000001,0.0
south africa,2026,HEV,0.231501,0.5528850000000001,0.4187145608942185
south africa,2026,ICE-D,0.091407,0.5528850000000001,0.1653273284679454
south africa,2026,ICE-G,0.1376,0.5528850000000001,0.24887634860775745
south africa,2026,PHEV,0.092377,0.5528850000000001,0.16708176203007857
south africa,2027,BEV,0.056278,0.5711419999999999,0.09853591576175454
south africa,2027,HEV,0.226685,0.5711419999999999,0.39689779424381333
south africa,2027,ICE-D,0.087315,0.5711419999999999,0.15287791827601543
south africa,2027,ICE-G,0.121447,0.5711419999999999,0.2126388884025339
south africa,2027,PHEV,0.079417,0.5711419999999999,0.13904948331588293
south africa,2028,BEV,0.064345,0.538009,0.11959837103096789
south africa,2028,HEV,0.213466,0.538009,0.3967703142512486
south africa,2028,ICE-D,0.08473,0.538009,0.15748807176088134
south africa,2028,ICE-G,0.107875,0.538009,0.20050779819668446
south africa,2028,PHEV,0.067593,0.538009,0.12563544476021776
south africa,2029,BEV,0.066467,0.5119009999999999,0.12984346582640005
south africa,2029,HEV,0.203929,0.5119009999999999,0.3983758578318855
south africa,2029,ICE-D,0.083827,0.5119009999999999,0.16375627318563551
south africa,2029,ICE-G,0.098459,0.5119009999999999,0.19233992510270545
south africa,2029,PHEV,0.059219,0.5119009999999999,0.11568447805337362
south africa,2030,BEV,0.077632,0.48244899999999996,0.1609123451390717
south africa,2030,HEV,0.151588,0.48244899999999996,0.3142052320556163
south africa,2030,ICE-D,0.083291,0.48244899999999996,0.17264208237554646
south africa,2030,ICE-G,0.120324,0.48244899999999996,0.2494025275210437
south africa,2030,PHEV,0.049614,0.48244899999999996,0.10283781290872196
south america,2018,BEV,0.0,3.236959,0.0
south america,2018,HEV,0.0,3.236959,0.0
south america,2018,ICE-D,0.403166,3.236959,0.12455085158631914
south america,2018,ICE-G,2.833793,3.236959,0.8754491484136808
south america,2018,PHEV,0.0,3.236959,0.0
south america,2019,BEV,0.0,3.129512,0.0
south america,2019,HEV,0.004937,3.129512,0.0015775622525173254
south america,2019,ICE-D,0.3496,3.129512,0.1117107076119216
south america,2019,ICE-G,2.774975,3.129512,0.886711730135561
south america,2019,PHEV,0.0,3.129512,0.0
south america,2020,BEV,0.0,2.160767,0.0
south america,2020,HEV,0.007728,2.160767,0.0035765077863554933
south america,2020,ICE-D,0.286325,2.160767,0.13251081676090018
south america,2020,ICE-G,1.866714,2.160767,0.8639126754527444
south america,2020,PHEV,0.0,2.160767,0.0
south america,2021,BEV,0.0,2.511801,0.0
south america,2021,HEV,0.030713,2.511801,0.012227481396814477
south america,2021,ICE-D,0.410912,2.511801,0.16359257759671247
south america,2021,ICE-G,2.070176,2.511801,0.824179941006473
south america,2021,PHEV,0.0,2.511801,0.0
south america,2022,BEV,0.0,2.7474670000000003,0.0
south america,2022,HEV,0.057034,2.7474670000000003,0.02075875706605393
south america,2022,ICE-D,0.408883,2.7474670000000003,0.1488218056850182
south america,2022,ICE-G,2.28155,2.7474670000000003,0.8304194372489277
south america,2022,PHEV,0.0,2.7474670000000003,0.0
south america,2023,BEV,0.0,2.8819220000000003,0.0
south america,2023,HEV,0.075069,2.8819220000000003,0.02604824141666568
south america,2023,ICE-D,0.464821,2.8819220000000003,0.16128854285438673
south america,2023,ICE-G,2.338893,2.8819220000000003,0.811574012065559
south america,2023,PHEV,0.003139,2.8819220000000003,0.00108920366338853
south america,2024,BEV,0.001217,3.051304,0.0003988458704868476
south america,2024,HEV,0.093068,3.051304,0.030501057908356558
south america,2024,ICE-D,0.48406,3.051304,0.15864037146085738
south america,2024,ICE-G,2.461548,3.051304,0.8067200121652907
south america,2024,PHEV,0.011411,3.051304,0.00373971259500856
south america,2025,BEV,0.008856,3.251872,0.0027233544247744065
south america,2025,HEV,0.134317,3.251872,0.04130451629092412
south america,2025,ICE-D,0.491299,3.251872,0.15108189990257917
south america,2025,ICE-G,2.615211,3.251872,0.8042170786550024
south america,2025,PHEV,0.002189,3.251872,0.0006731507267198709
south america,2026,BEV,0.014004,3.401413,0.004117112505890934
south america,2026,HEV,0.190006,3.401413,0.05586090251316145
south america,2026,ICE-D,0.493459,3.401413,0.14507470865784308
south america,2026,ICE-G,2.699442,3.401413,0.7936237087351639
south america,2026,PHEV,0.004502,3.401413,0.001323567587940659
south america,2027,BEV,0.037925,3.587098,0.010572613293531428
south america,2027,HEV,0.416879,3.587098,0.11621622827143278
south america,2027,ICE-D,0.424347,3.587098,0.1182981340348103
south america,2027,ICE-G,2.700505,3.587098,0.75283836683581
south america,2027,PHEV,0.007442,3.587098,0.0020746575644155804
south america,2028,BEV,0.052359,3.77556,0.013867876553411944
south america,2028,HEV,0.711035,3.77556,0.18832570532583245
south america,2028,ICE-D,0.376423,3.77556,0.09969991206602465
south america,2028,ICE-G,2.627955,3.77556,0.6960437656930363
south america,2028,PHEV,0.007788,3.77556,0.002062740361694689
south america,2029,BEV,0.103227,3.9550549999999998,0.026100016308243504
south america,2029,HEV,0.856822,3.9550549999999998,0.21663971803173407
south america,2029,ICE-D,0.371632,3.9550549999999998,0.0939638007562474
south america,2029,ICE-G,2.615019,3.9550549999999998,0.6611839784781754
south america,2029,PHEV,0.008355,3.9550549999999998,0.002112486425599644
south america,2030,BEV,0.182915,4.074585,0.04489168835599208
south america,2030,HEV,1.049235,4.074585,0.25750720625536094
south america,2030,ICE-D,0.28605,4.074585,0.07020346857410019
south america,2030,ICE-G,2.546792,4.074585,0.6250432866169193
south america,2030,PHEV,0.009593,4.074585,0.002354350197627489
south korea,2018,BEV,0.065676,4.318542999999999,0.015207906926016486
south korea,2018,FCEV,0.000954,4.318542999999999,0.00022090783859278468
south korea,2018,HEV,0.206119,4.318542999999999,0.04772882891289957
south korea,2018,ICE-D,0.9926,4.318542999999999,0.2298460383513607
south korea,2018,ICE-G,2.914701,4.318542999999999,0.6749269371637612
south korea,2018,ICE-LPG,0.106335,4.318542999999999,0.024622887858242935
south korea,2018,PHEV,0.032158,4.318542999999999,0.007446492949126593
south korea,2019,BEV,0.102863,4.1716809999999995,0.024657446242893455
south korea,2019,FCEV,0.00602,4.1716809999999995,0.0014430633598302462
south korea,2019,HEV,0.203218,4.1716809999999995,0.048713695989698165
south korea,2019,ICE-D,0.930782,4.1716809999999995,0.22311916946669702
south korea,2019,ICE-G,2.766768,4.1716809999999995,0.6632261671014634
south korea,2019,ICE-LPG,0.122112,4.1716809999999995,0.029271653321526744
south korea,2019,PHEV,0.039918,4.1716809999999995,0.00956880451789099
south korea,2020,BEV,0.143821,3.649462,0.03940882245109005
south korea,2020,FCEV,0.006459,3.649462,0.0017698499121240336
south korea,2020,HEV,0.301906,3.649462,0.08272616621299249
south korea,2020,ICE-D,0.683077,3.649462,0.18717197219754583
south korea,2020,ICE-G,2.365747,3.649462,0.6482454126115027
south korea,2020,ICE-LPG,0.113579,3.649462,0.031122121562027497
south korea,2020,PHEV,0.034873,3.649462,0.00955565505271736
south korea,2021,BEV,0.222879,3.6755220000000004,0.060638733763530725
south korea,2021,FCEV,0.009438,3.6755220000000004,0.002567798533106318
south korea,2021,HEV,0.437438,3.6755220000000004,0.11901384347583825
south korea,2021,ICE-D,0.54412,3.6755220000000004,0.1480388363884096
south korea,2021,ICE-G,2.327537,3.6755220000000004,0.6332534535230642
south korea,2021,ICE-LPG,0.081567,3.6755220000000004,0.022191949878139754
south korea,2021,PHEV,0.052543,3.6755220000000004,0.01429538443791113
south korea,2022,BEV,0.326571,3.9408739999999995,0.08286765829102885
south korea,2022,FCEV,0.010695,3.9408739999999995,0.002713864995429948
south korea,2022,HEV,0.57783,3.9408739999999995,0.1466248349985308
south korea,2022,ICE-D,0.502962,3.9408739999999995,0.12762701877806804
south korea,2022,ICE-G,2.398044,3.9408739999999995,0.6085056259093796
south korea,2022,ICE-LPG,0.068815,3.9408739999999995,0.017461862520851974
south korea,2022,PHEV,0.055957,3.9408739999999995,0.01419913450671095
south korea,2023,BEV,0.427284,4.006527,0.10664697879235557
south korea,2023,FCEV,0.011084,4.006527,0.0027664857868173608
south korea,2023,HEV,0.599376,4.006527,0.14959989037887428
south korea,2023,ICE-D,0.464034,4.006527,0.11581951151209015
south korea,2023,ICE-G,2.385435,4.006527,0.5953872268925181
south korea,2023,ICE-LPG,0.064275,4.006527,0.016042572532270465
south korea,2023,PHEV,0.055039,4.006527,0.013737334105074044
south korea,2024,BEV,0.556302,3.7635669999999997,0.14781243432095137
south korea,2024,FCEV,0.01598,3.7635669999999997,0.004245971972865105
south korea,2024,HEV,0.581231,3.7635669999999997,0.15443620373969696
south korea,2024,ICE-D,0.406515,3.7635669999999997,0.10801322256253178
south korea,2024,ICE-G,2.10189,3.7635669999999997,0.5584834812293763
south korea,2024,ICE-LPG,0.043884,3.7635669999999997,0.011660214897197261
south korea,2024,PHEV,0.057765,3.7635669999999997,0.015348471277381271
south korea,2025,BEV,0.770358,3.744502,0.20573042823852142
south korea,2025,FCEV,0.018244,3.744502,0.0048722099761196545
south korea,2025,HEV,0.766898,3.744502,0.2048064068332718
south korea,2025,ICE-D,0.331078,3.744502,0.08841709792116548
south korea,2025,ICE-G,1.768644,3.744502,0.47233090007696615
south korea,2025,ICE-LPG,0.026346,3.744502,0.007035915590377573
south korea,2025,PHEV,0.062934,3.744502,0.016807041363577854
south korea,2026,BEV,1.12218,3.470015,0.3233934147258729
south korea,2026,FCEV,0.019113,3.470015,0.005508045354270803
south korea,2026,HEV,0.869791,3.470015,0.2506591470065691
south korea,2026,ICE-D,0.130908,3.470015,0.03772548533651872
south korea,2026,ICE-G,1.24944,3.470015,0.36006760777691166
south korea,2026,ICE-LPG,0.020658,3.470015,0.005953288386361442
south korea,2026,PHEV,0.057925,3.470015,0.01669301141349533
south korea,2027,BEV,1.351074,3.592548,0.37607681233486656
south korea,2027,FCEV,0.020294,3.592548,0.005648915477260151
south korea,2027,HEV,0.906588,3.592548,0.25235236940466765
south korea,2027,ICE-D,0.073177,3.592548,0.020369108499037454
south korea,2027,ICE-G,1.161136,3.592548,0.32320681588666317
south korea,2027,ICE-LPG,0.018994,3.592548,0.005287055315614434
south korea,2027,PHEV,0.061285,3.592548,0.017058923081890626
south korea,2028,BEV,1.513483,3.643795,0.4153589869902121
south korea,2028,FCEV,0.021356,3.643795,0.005860922472312521
south korea,2028,HEV,0.856409,3.643795,0.23503215740731848
south korea,2028,ICE-D,0.076411,3.643795,0.02097016983666754
south korea,2028,ICE-G,1.097421,3.643795,0.30117528565684953
south korea,2028,ICE-LPG,0.026846,3.643795,0.007367593401933973
south korea,2028,PHEV,0.051869,3.643795,0.01423488423470585
south korea,2029,BEV,1.581746,3.638872,0.43468030752387005
south korea,2029,FCEV,0.022815,3.638872,0.006269800091896609
south korea,2029,HEV,0.849352,3.638872,0.2334107932348266
south korea,2029,ICE-D,0.076514,3.638872,0.02102684568184866
south korea,2029,ICE-G,1.020423,3.638872,0.2804228892909671
south korea,2029,ICE-LPG,0.027175,3.638872,0.007467973591816365
south korea,2029,PHEV,0.060847,3.638872,0.01672139058477462
south korea,2030,BEV,1.706303,3.5978399999999997,0.47425761012162854
south korea,2030,FCEV,0.025731,3.5978399999999997,0.007151791074644788
south korea,2030,HEV,0.753013,3.5978399999999997,0.20929585529095238
south korea,2030,ICE-D,0.068031,3.5978399999999997,0.01890884530718431
south korea,2030,ICE-G,0.955101,3.5978399999999997,0.2654651124007738
south korea,2030,ICE-LPG,0.024417,3.5978399999999997,0.0067865719431659
south korea,2030,PHEV,0.065244,3.5978399999999997,0.018134213861650324
thailand,2018,BEV,0.0,2.670535,0.0
thailand,2018,CNG,8.7e-05,2.670535,3.257774191313725e-05
thailand,2018,HEV,0.026583,2.670535,0.009954185210079628
thailand,2018,ICE-D,1.422364,2.670535,0.5326138769946845
thailand,2018,ICE-G,1.221501,2.670535,0.4573993600533226
thailand,2018,PHEV,0.0,2.670535,0.0
thailand,2019,BEV,0.000749,2.410598,0.0003107112840880147
thailand,2019,CNG,6.7e-05,2.410598,2.779393328958209e-05
thailand,2019,HEV,0.029871,2.410598,0.012391531064076219
thailand,2019,ICE-D,1.318681,2.410598,0.5470348021528268
thailand,2019,ICE-G,1.06123,2.410598,0.44023516156571935
thailand,2019,PHEV,0.0,2.410598,0.0
thailand,2020,BEV,0.040937,1.699128,0.024092946499616276
thailand,2020,CNG,3.8e-05,1.699128,2.23644128046857e-05
thailand,2020,HEV,0.030373,1.699128,0.01787563973991365
thailand,2020,ICE-D,0.929238,1.699128,0.5468911112052771
thailand,2020,ICE-G,0.698542,1.699128,0.41111793814238834
thailand,2020,PHEV,0.0,1.699128,0.0
thailand,2021,BEV,0.036667,2.0857900000000003,0.017579430335748082
thailand,2021,CNG,4.1e-05,2.0857900000000003,1.9656820677057612e-05
thailand,2021,HEV,0.059655,2.0857900000000003,0.028600674085118825
thailand,2021,ICE-D,1.173092,2.0857900000000003,0.5624209532119724
thailand,2021,ICE-G,0.816335,2.0857900000000003,0.39137928554648355
thailand,2021,PHEV,0.0,2.0857900000000003,0.0
thailand,2022,BEV,0.018767,2.289969,0.008195307447393392
thailand,2022,CNG,3.1e-05,2.289969,1.3537301159972034e-05
thailand,2022,HEV,0.097914,2.289969,0.042757784057338766
thailand,2022,ICE-D,1.362317,2.289969,0.5949063065919232
thailand,2022,ICE-G,0.810803,2.289969,0.3540672384648002
thailand,2022,PHEV,0.000137,2.289969,5.982613738439254e-05
thailand,2023,BEV,0.026906,2.1590580000000004,0.012461916261628911
thailand,2023,CNG,3.1e-05,2.1590580000000004,1.4358113584720743e-05
thailand,2023,HEV,0.182097,2.1590580000000004,0.08434094869151268
thailand,2023,ICE-D,1.247435,2.1590580000000004,0.5777681748243909
thailand,2023,ICE-G,0.701393,2.1590580000000004,0.32486065682348503
thailand,2023,PHEV,0.001196,2.1590580000000004,0.0005539452853976131
thailand,2024,BEV,0.030534,2.1932690000000004,0.013921684936959394
thailand,2024,CNG,0.000184,2.1932690000000004,8.389303820005662e-05
thailand,2024,HEV,0.263835,2.1932690000000004,0.12029304202995617
thailand,2024,ICE-D,1.229597,2.1932690000000004,0.5606229787591034
thailand,2024,ICE-G,0.659142,2.1932690000000004,0.3005294836155528
thailand,2024,PHEV,0.009977,2.1932690000000004,0.00454891762022807
thailand,2025,BEV,0.045855,2.213151,0.02071932733012795
thailand,2025,CNG,0.000427,2.213151,0.0001929375808519166
thailand,2025,HEV,0.368957,2.213151,0.1667111733451536
thailand,2025,ICE-D,1.12296,2.213151,0.5074032454179583
thailand,2025,ICE-G,0.643671,2.213151,0.2908391700340375
thailand,2025,PHEV,0.031281,2.213151,0.014134146291870733
thailand,2026,BEV,0.066373,2.393904,0.027725840301031285
thailand,2026,CNG,0.00043,2.393904,0.00017962290885515877
thailand,2026,HEV,0.534649,2.393904,0.22333769441046927
thailand,2026,ICE-D,1.089281,2.393904,0.45502284135036325
thailand,2026,ICE-G,0.661154,2.393904,0.276182336467962
thailand,2026,PHEV,0.042017,2.393904,0.017551664561319083
thailand,2027,BEV,0.079752,2.415231,0.03302044400721919
thailand,2027,CNG,0.000437,2.415231,0.00018093507411920433
thailand,2027,HEV,0.600806,2.415231,0.24875715821799238
thailand,2027,ICE-D,1.04306,2.415231,0.43186759361733934
thailand,2027,ICE-G,0.644518,2.415231,0.2668556340987674
thailand,2027,PHEV,0.046658,2.415231,0.019318234984562553
thailand,2028,BEV,0.198329,2.448242,0.08100874014905389
thailand,2028,CNG,0.000455,2.448242,0.00018584764087863862
thailand,2028,HEV,0.702485,2.448242,0.2869344615442428
thailand,2028,ICE-D,0.90632,2.448242,0.37019216237610497
thailand,2028,ICE-G,0.594924,2.448242,0.24300048769688617
thailand,2028,PHEV,0.045729,2.448242,0.01867830059283355
thailand,2029,BEV,0.250053,2.4820660000000005,0.10074389641532497
thailand,2029,CNG,0.000464,2.4820660000000005,0.0001869410402463109
thailand,2029,HEV,0.746059,2.4820660000000005,0.30057983953690187
thailand,2029,ICE-D,0.847941,2.4820660000000005,0.34162709613684716
thailand,2029,ICE-G,0.589624,2.4820660000000005,0.23755371533230782
thailand,2029,PHEV,0.047925,2.4820660000000005,0.01930851153837166
thailand,2030,BEV,0.332255,2.542281,0.13069168986433838
thailand,2030,CNG,0.000476,2.542281,0.00018723343328294552
thailand,2030,HEV,0.77359,2.542281,0.3042897303641887
thailand,2030,ICE-D,0.798399,2.542281,0.31404828970518994
thailand,2030,ICE-G,0.589879,2.542281,0.2320274588056946
thailand,2030,PHEV,0.047682,2.542281,0.01875559782730548
turkey,2018,BEV,0.000567,1.521166,0.0003727403846785952
turkey,2018,FCEV,0.0,1.521166,0.0
turkey,2018,HEV,0.152824,1.521166,0.10046503800374186
turkey,2018,ICE-D,0.752512,1.521166,0.4946942016847602
turkey,2018,ICE-G,0.615263,1.521166,0.4044680199268193
turkey,2018,PHEV,0.0,1.521166,0.0
turkey,2019,BEV,0.002109,1.436031,0.0014686312482112157
turkey,2019,FCEV,0.0,1.436031,0.0
turkey,2019,HEV,0.203688,1.436031,0.14184094911600098
turkey,2019,ICE-D,0.614137,1.436031,0.42766277329667673
turkey,2019,ICE-G,0.616097,1.436031,0.42902764633911106
turkey,2019,PHEV,0.0,1.436031,0.0
turkey,2020,BEV,0.003177,1.2660420000000001,0.0025093954229006617
turkey,2020,FCEV,0.0,1.2660420000000001,0.0
turkey,2020,HEV,0.215465,1.2660420000000001,0.17018787686348477
turkey,2020,ICE-D,0.536168,1.2660420000000001,0.4234993783776525
turkey,2020,ICE-G,0.511232,1.2660420000000001,0.40380334933596196
turkey,2020,PHEV,0.0,1.2660420000000001,0.0
turkey,2021,BEV,0.00663,1.222094,0.005425114598386048
turkey,2021,FCEV,0.0,1.222094,0.0
turkey,2021,HEV,0.238476,1.222094,0.1951371989388705
turkey,2021,ICE-D,0.469887,1.222094,0.38449333684642917
turkey,2021,ICE-G,0.507101,1.222094,0.4149443496163143
turkey,2021,PHEV,0.0,1.222094,0.0
turkey,2022,BEV,0.017142,1.285004,0.013340036295606861
turkey,2022,FCEV,0.0,1.285004,0.0
turkey,2022,HEV,0.27486,1.285004,0.2138981668539553
turkey,2022,ICE-D,0.511915,1.285004,0.3983761918250838
turkey,2022,ICE-G,0.481087,1.285004,0.374385605025354
turkey,2022,PHEV,0.0,1.285004,0.0
turkey,2023,BEV,0.054731,1.185364,0.04617231500197407
turkey,2023,FCEV,0.0,1.185364,0.0
turkey,2023,HEV,0.319085,1.185364,0.2691873551077981
turkey,2023,ICE-D,0.361128,1.185364,0.3046557850584293
turkey,2023,ICE-G,0.434158,1.185364,0.3662655521848141
turkey,2023,PHEV,0.016262,1.185364,0.013718992646984384
turkey,2024,BEV,0.085004,1.2218040000000001,0.0695725337288141
turkey,2024,FCEV,0.0,1.2218040000000001,0.0
turkey,2024,HEV,0.365521,1.2218040000000001,0.29916500518904826
turkey,2024,ICE-D,0.290314,1.2218040000000001,0.23761094250796364
turkey,2024,ICE-G,0.431364,1.2218040000000001,0.3530549908168577
turkey,2024,PHEV,0.049601,1.2218040000000001,0.040596527757316224
turkey,2025,BEV,0.140081,1.249602,0.11210049279690654
turkey,2025,FCEV,0.0,1.249602,0.0
turkey,2025,HEV,0.448577,1.249602,0.35897589792589957
turkey,2025,ICE-D,0.198863,1.249602,0.15914107051685256
turkey,2025,ICE-G,0.375165,1.249602,0.300227592465441
turkey,2025,PHEV,0.086916,1.249602,0.06955494629490029
turkey,2026,BEV,0.217334,1.30062,0.1671003060079039
turkey,2026,FCEV,0.0,1.30062,0.0
turkey,2026,HEV,0.622233,1.30062,0.47841260322000273
turkey,2026,ICE-D,0.106269,1.30062,0.0817064169396134
turkey,2026,ICE-G,0.235852,1.30062,0.1813381310451938
turkey,2026,PHEV,0.118932,1.30062,0.09144254278728606
turkey,2027,BEV,0.315158,1.4285809999999999,0.22060912191888316
turkey,2027,FCEV,0.0,1.4285809999999999,0.0
turkey,2027,HEV,0.725876,1.4285809999999999,0.5081097956643691
turkey,2027,ICE-D,0.070631,1.4285809999999999,0.04944136874282943
turkey,2027,ICE-G,0.202784,1.4285809999999999,0.14194784894941204
turkey,2027,PHEV,0.114132,1.4285809999999999,0.07989186472450635
turkey,2028,BEV,0.370856,1.443957,0.2568331328425985
turkey,2028,FCEV,0.0,1.443957,0.0
turkey,2028,HEV,0.735321,1.443957,0.5092402336080646
turkey,2028,ICE-D,0.055641,1.443957,0.03853369594800954
turkey,2028,ICE-G,0.16932,1.443957,0.11726110957597768
turkey,2028,PHEV,0.112819,1.443957,0.07813182802534979
turkey,2029,BEV,0.429204,1.429352,0.300278727703183
turkey,2029,FCEV,0.001991,1.429352,0.0013929388981860312
turkey,2029,HEV,0.698024,1.429352,0.4883499655788077
turkey,2029,ICE-D,0.045796,1.429352,0.032039693511465336
turkey,2029,ICE-G,0.142252,1.429352,0.099522021167634
turkey,2029,PHEV,0.112085,1.429352,0.07841665314072391
turkey,2030,BEV,0.464467,1.3508390000000003,0.3438359419590343
turkey,2030,FCEV,0.002314,1.3508390000000003,0.001713009470410611
turkey,2030,HEV,0.623542,1.3508390000000003,0.46159608954138864
turkey,2030,ICE-D,0.040917,1.3508390000000003,0.030290064174931276
turkey,2030,ICE-G,0.116398,1.3508390000000003,0.08616718942819979
turkey,2030,PHEV,0.103201,1.3508390000000003,0.0763977054260352
western europe,2018,BEV,0.213002,14.56765,0.014621575889041815
western europe,2018,FCEV,7.7e-05,14.56765,5.285684375997501e-06
western europe,2018,HEV,0.415968,14.56765,0.02855422803266141
western europe,2018,ICE-D,6.058817,14.56765,0.4159090175834812
western europe,2018,ICE-G,7.693383,14.56765,0.5281142119696725
western europe,2018,PHEV,0.186403,14.56765,0.012795680840767043
western europe,2019,BEV,0.302987,13.620614,0.022244738746726105
western europe,2019,FCEV,0.000146,13.620614,1.0719046879971784e-05
western europe,2019,HEV,0.810033,13.620614,0.05947110754331633
western europe,2019,ICE-D,5.16224,13.620614,0.3790020038744215
western europe,2019,ICE-G,7.136647,13.620614,0.5239592723206163
western europe,2019,PHEV,0.208561,13.620614,0.015312158468039693
western europe,2020,BEV,0.487474,10.140440000000002,0.04807227299801586
western europe,2020,FCEV,7.3e-05,10.140440000000002,7.1988986671189795e-06
western europe,2020,HEV,1.113447,10.140440000000002,0.10980263183846065
western europe,2020,ICE-D,3.551218,10.140440000000002,0.350203541463684
western europe,2020,ICE-G,4.414637,10.140440000000002,0.43534964952211136
western europe,2020,PHEV,0.573591,10.140440000000002,0.05656470527906086
western europe,2021,BEV,0.78069,9.539385000000001,0.08183860909272452
western europe,2021,FCEV,6.5e-05,9.539385000000001,6.813856448817192e-06
western europe,2021,HEV,1.603998,9.539385000000001,0.1681448017875366
western europe,2021,ICE-D,2.751545,9.539385000000001,0.28844050219170314
western europe,2021,ICE-G,3.676721,9.539385000000001,0.3854253707131015
western europe,2021,PHEV,0.726366,9.539385000000001,0.07614390235848537
western europe,2022,BEV,1.203415,9.934707,0.12113240984359176
western europe,2022,FCEV,0.000184,9.934707,1.852092869975934e-05
western europe,2022,HEV,2.039382,9.934707,0.20527852507376412
western europe,2022,ICE-D,2.369351,9.934707,0.2384922876940407
western europe,2022,ICE-G,3.537112,9.934707,0.35603586497316936
western europe,2022,PHEV,0.785263,9.934707,0.07904239148673434
western europe,2023,BEV,2.071177,10.860361000000001,0.19070977474873993
western europe,2023,FCEV,0.001227,10.860361000000001,0.00011297966982865485
western europe,2023,HEV,2.600037,10.860361000000001,0.23940613023821214
western europe,2023,ICE-D,2.157895,10.860361000000001,0.19869459219633673
western europe,2023,ICE-G,2.999063,10.860361000000001,0.2761476345031256
western europe,2023,PHEV,1.030962,10.860361000000001,0.09492888864375686
western europe,2024,BEV,3.018869,11.581563000000001,0.2606616222698093
western europe,2024,FCEV,0.002155,11.581563000000001,0.00018607160363415538
western europe,2024,HEV,3.589674,11.581563000000001,0.309947284317324
western europe,2024,ICE-D,1.797685,11.581563000000001,0.15521955024550657
western europe,2024,ICE-G,2.019028,11.581563000000001,0.17433121936995896
western europe,2024,PHEV,1.154152,11.581563000000001,0.09965425219376693
western europe,2025,BEV,3.834346,11.717956000000001,0.3272196959947622
western europe,2025,FCEV,0.003818,11.717956000000001,0.00032582474281350776
western europe,2025,HEV,4.757846,11.717956000000001,0.4060303691189828
western europe,2025,ICE-D,0.666807,11.717956000000001,0.056904719560305565
western europe,2025,ICE-G,1.260355,11.717956000000001,0.10755758086137206
western europe,2025,PHEV,1.194784,11.717956000000001,0.10196180972176376
western europe,2026,BEV,4.591492,11.496796,0.39937144226965493
western europe,2026,FCEV,0.008419,11.496796,0.0007322909791562796
western europe,2026,HEV,5.132756,11.496796,0.44645099382471426
western europe,2026,ICE-D,0.176522,11.496796,0.015354016893054379
western europe,2026,ICE-G,0.499582,11.496796,0.043454019711230855
western europe,2026,PHEV,1.088025,11.496796,0.09463723632218925
western europe,2027,BEV,5.638497,11.503424,0.49015814769585125
western europe,2027,FCEV,0.0153,11.503424,0.0013300387780194834
western europe,2027,HEV,4.650977,11.503424,0.40431240298540677
western europe,2027,ICE-D,0.044215,11.503424,0.0038436382071981344
western europe,2027,ICE-G,0.233484,11.503424,0.020296913336411836
western europe,2027,PHEV,0.920951,11.503424,0.0800588589971125
western europe,2028,BEV,6.690023,11.563956000000001,0.5785237335735279
western europe,2028,FCEV,0.020451,11.563956000000001,0.001768512436401522
western europe,2028,HEV,3.908062,11.563956000000001,0.3379519949747301
western europe,2028,ICE-D,0.014066,11.563956000000001,0.0012163657488838593
western europe,2028,ICE-G,0.123372,11.563956000000001,0.010668667366081295
western europe,2028,PHEV,0.807982,11.563956000000001,0.06987072590037526
western europe,2029,BEV,7.870961,11.855206,0.6639244396090629
western europe,2029,FCEV,0.031487,11.855206,0.002655963970596546
western europe,2029,HEV,3.199857,11.855206,0.26991154772004805
western europe,2029,ICE-D,0.015789,11.855206,0.0013318199616269848
western europe,2029,ICE-G,0.077842,11.855206,0.006566060513836705
western europe,2029,PHEV,0.65927,11.855206,0.05561016822482882
western europe,2030,BEV,8.836922,11.774733,0.7504987161916963
western europe,2030,FCEV,0.049818,11.774733,0.0042309239623522675
western europe,2030,HEV,2.377442,11.774733,0.2019104806877574
western europe,2030,ICE-D,0.01234,11.774733,0.0010480067785825803
western europe,2030,ICE-G,0.033087,11.774733,0.002810000022930456
western europe,2030,PHEV,0.465124,11.774733,0.03950187235668104
