powertrain_type,region,year,veh_cost,fuel_cost,insurance_euro,mr_euro,quartile,km,value,TCO,TCO_percent
ICE-G,western europe,2021,4140.891473397084,7.425000000000002,1608.0,1876.0,Q1,2500,35,3.1242065893588338,1.0934723062755918
ICE-G,western europe,2021,4140.891473397084,7.425000000000002,1608.0,1876.0,Q2,10000,35,0.8367391473397084,0.292858701568898
ICE-G,western europe,2021,4140.891473397084,7.425000000000002,1608.0,1876.0,Q3,20000,20,0.45549457366985424,0.09109891473397085
ICE-G,western europe,2021,4140.891473397084,7.425000000000002,1608.0,1876.0,Q4,40000,10,0.26487228683492714,0.026487228683492715
ICE-D,western europe,2021,4449.913225143136,5.588000000000001,1728.0,2016.0,Q1,2500,35,3.333445290057255,1.1667058515200392
ICE-D,western europe,2021,4449.913225143136,5.588000000000001,1728.0,2016.0,Q2,10000,35,0.8752713225143137,0.30634496288000984
ICE-D,western europe,2021,4449.913225143136,5.588000000000001,1728.0,2016.0,Q3,20000,20,0.4655756612571569,0.09311513225143138
ICE-D,western europe,2021,4449.913225143136,5.588000000000001,1728.0,2016.0,Q4,40000,10,0.2607278306285784,0.026072783062857843
CNG,western europe,2021,4712.9994526203645,5.04,1435.85,1723.02,Q1,2500,35,3.199147781048146,1.1197017233668511
CNG,western europe,2021,4712.9994526203645,5.04,1435.85,1723.02,Q2,10000,35,0.8375869452620366,0.2931554308417128
CNG,western europe,2021,4712.9994526203645,5.04,1435.85,1723.02,Q3,20000,20,0.4439934726310183,0.08879869452620365
CNG,western europe,2021,4712.9994526203645,5.04,1435.85,1723.02,Q4,40000,10,0.24719673631550915,0.024719673631550917
HEV,western europe,2021,4440.642572590754,6.75,1580.7,1293.3,Q1,2500,35,2.9933570290363014,1.0476749601627056
HEV,western europe,2021,4440.642572590754,6.75,1580.7,1293.3,Q2,10000,35,0.7989642572590754,0.2796374900406764
HEV,western europe,2021,4440.642572590754,6.75,1580.7,1293.3,Q3,20000,20,0.4332321286295377,0.08664642572590754
HEV,western europe,2021,4440.642572590754,6.75,1580.7,1293.3,Q4,40000,10,0.2503660643147688,0.02503660643147688
PHEV,western europe,2021,4876.363242552687,4.2,1578.0,1104.6,Q1,2500,35,3.0655852970210744,1.072954853957376
PHEV,western europe,2021,4876.363242552687,4.2,1578.0,1104.6,Q2,10000,35,0.7978963242552687,0.27926371348934403
PHEV,western europe,2021,4876.363242552687,4.2,1578.0,1104.6,Q3,20000,20,0.4199481621276343,0.08398963242552686
PHEV,western europe,2021,4876.363242552687,4.2,1578.0,1104.6,Q4,40000,10,0.23097408106381717,0.02309740810638172
BEV,western europe,2021,4909.727291481931,2.25,1867.5,1120.5,Q1,2500,35,3.1815909165927727,1.1135568208074704
BEV,western europe,2021,4909.727291481931,2.25,1867.5,1120.5,Q2,10000,35,0.8122727291481932,0.2842954552018676
BEV,western europe,2021,4909.727291481931,2.25,1867.5,1120.5,Q3,20000,20,0.4173863645740966,0.08347727291481932
BEV,western europe,2021,4909.727291481931,2.25,1867.5,1120.5,Q4,40000,10,0.2199431822870483,0.02199431822870483
FCEV,western europe,2021,6191.10086852827,8.25,2288.0,1830.4,Q1,2500,35,4.206300347411307,1.4722051215939576
FCEV,western europe,2021,6191.10086852827,8.25,2288.0,1830.4,Q2,10000,35,1.113450086852827,0.38970753039848943
FCEV,western europe,2021,6191.10086852827,8.25,2288.0,1830.4,Q3,20000,20,0.5979750434264135,0.1195950086852827
FCEV,western europe,2021,6191.10086852827,8.25,2288.0,1830.4,Q4,40000,10,0.34023752171320676,0.03402375217132068
ICE-G,western europe,2022,4140.891473397084,7.499250000000001,1608.0,1876.0,Q1,2500,35,3.1249490893588336,1.0937321812755918
ICE-G,western europe,2022,4140.891473397084,7.499250000000001,1608.0,1876.0,Q2,10000,35,0.8374816473397084,0.29311857656889795
ICE-G,western europe,2022,4140.891473397084,7.499250000000001,1608.0,1876.0,Q3,20000,20,0.4562370736698542,0.09124741473397084
ICE-G,western europe,2022,4140.891473397084,7.499250000000001,1608.0,1876.0,Q4,40000,10,0.2656147868349271,0.026561478683492713
ICE-D,western europe,2022,4449.913225143136,5.74024,1728.0,2016.0,Q1,2500,35,3.3349676900572547,1.1672386915200392
ICE-D,western europe,2022,4449.913225143136,5.74024,1728.0,2016.0,Q2,10000,35,0.8767937225143136,0.30687780288000976
ICE-D,western europe,2022,4449.913225143136,5.74024,1728.0,2016.0,Q3,20000,20,0.46709806125715686,0.09341961225143137
ICE-D,western europe,2022,4449.913225143136,5.74024,1728.0,2016.0,Q4,40000,10,0.26225023062857844,0.02622502306285784
CNG,western europe,2022,4712.9994526203645,5.0904,1435.85,1723.02,Q1,2500,35,3.1996517810481464,1.1198781233668513
CNG,western europe,2022,4712.9994526203645,5.0904,1435.85,1723.02,Q2,10000,35,0.8380909452620365,0.29333183084171277
CNG,western europe,2022,4712.9994526203645,5.0904,1435.85,1723.02,Q3,20000,20,0.4444974726310183,0.08889949452620366
CNG,western europe,2022,4712.9994526203645,5.0904,1435.85,1723.02,Q4,40000,10,0.24770073631550915,0.024770073631550912
HEV,western europe,2022,4437.923181175388,6.817500000000001,1579.7320000000002,1292.508,Q1,2500,35,2.992240272470155,1.0472840953645544
HEV,western europe,2022,4437.923181175388,6.817500000000001,1579.7320000000002,1292.508,Q2,10000,35,0.7991913181175387,0.27971696134113855
HEV,western europe,2022,4437.923181175388,6.817500000000001,1579.7320000000002,1292.508,Q3,20000,20,0.4336831590587694,0.0867366318117539
HEV,western europe,2022,4437.923181175388,6.817500000000001,1579.7320000000002,1292.508,Q4,40000,10,0.2509290795293847,0.02509290795293847
PHEV,western europe,2022,4865.485676891225,4.2570000000000014,1574.48,1102.136,Q1,2500,35,3.05941067075649,1.0707937347647716
PHEV,western europe,2022,4865.485676891225,4.2570000000000014,1574.48,1102.136,Q2,10000,35,0.7967801676891225,0.2788730586911929
PHEV,western europe,2022,4865.485676891225,4.2570000000000014,1574.48,1102.136,Q3,20000,20,0.41967508384456126,0.08393501676891224
PHEV,western europe,2022,4865.485676891225,4.2570000000000014,1574.48,1102.136,Q4,40000,10,0.23112254192228066,0.023112254192228066
BEV,western europe,2022,4846.104587088966,2.295,1843.3,1105.98,Q1,2500,35,3.1411038348355858,1.099386342192455
BEV,western europe,2022,4846.104587088966,2.295,1843.3,1105.98,Q2,10000,35,0.8024884587088965,0.2808709605481138
BEV,western europe,2022,4846.104587088966,2.295,1843.3,1105.98,Q3,20000,20,0.41271922935444827,0.08254384587088966
BEV,western europe,2022,4846.104587088966,2.295,1843.3,1105.98,Q4,40000,10,0.21783461467722412,0.021783461467722413
FCEV,western europe,2022,5930.942042914349,8.055,2191.855,1753.484,Q1,2500,35,4.03106241716574,1.410871846008009
FCEV,western europe,2022,5930.942042914349,8.055,2191.855,1753.484,Q2,10000,35,1.068178104291435,0.3738623365020022
FCEV,western europe,2022,5930.942042914349,8.055,2191.855,1753.484,Q3,20000,20,0.5743640521457175,0.1148728104291435
FCEV,western europe,2022,5930.942042914349,8.055,2191.855,1753.484,Q4,40000,10,0.32745702607285876,0.032745702607285876
ICE-G,western europe,2023,4140.891473397084,7.574242500000001,1608.0,1876.0,Q1,2500,35,3.1256990143588337,1.093994655025592
ICE-G,western europe,2023,4140.891473397084,7.574242500000001,1608.0,1876.0,Q2,10000,35,0.8382315723397085,0.29338105031889794
ICE-G,western europe,2023,4140.891473397084,7.574242500000001,1608.0,1876.0,Q3,20000,20,0.4569869986698542,0.09139739973397085
ICE-G,western europe,2023,4140.891473397084,7.574242500000001,1608.0,1876.0,Q4,40000,10,0.2663647118349271,0.02663647118349271
ICE-D,western europe,2023,4449.913225143136,5.89665824,1728.0,2016.0,Q1,2500,35,3.336531872457255,1.167786155360039
ICE-D,western europe,2023,4449.913225143136,5.89665824,1728.0,2016.0,Q2,10000,35,0.8783579049143136,0.30742526672000975
ICE-D,western europe,2023,4449.913225143136,5.89665824,1728.0,2016.0,Q3,20000,20,0.4686622436571568,0.09373244873143136
ICE-D,western europe,2023,4449.913225143136,5.89665824,1728.0,2016.0,Q4,40000,10,0.26381441302857844,0.026381441302857845
CNG,western europe,2023,4712.9994526203645,5.141304,1435.85,1723.02,Q1,2500,35,3.2001608210481463,1.1200562873668511
CNG,western europe,2023,4712.9994526203645,5.141304,1435.85,1723.02,Q2,10000,35,0.8385999852620366,0.2935099948417128
CNG,western europe,2023,4712.9994526203645,5.141304,1435.85,1723.02,Q3,20000,20,0.4450065126310183,0.08900130252620367
CNG,western europe,2023,4712.9994526203645,5.141304,1435.85,1723.02,Q4,40000,10,0.24820977631550914,0.024820977631550917
HEV,western europe,2023,4435.312565416638,6.885675000000001,1578.80272,1291.7476800000002,Q1,2500,35,2.9912019361666555,1.0469206776583295
HEV,western europe,2023,4435.312565416638,6.885675000000001,1578.80272,1291.7476800000002,Q2,10000,35,0.7994430465416639,0.27980506628958235
HEV,western europe,2023,4435.312565416638,6.885675000000001,1578.80272,1291.7476800000002,Q3,20000,20,0.43414989827083195,0.08682997965416639
HEV,western europe,2023,4435.312565416638,6.885675000000001,1578.80272,1291.7476800000002,Q4,40000,10,0.251503324135416,0.025150332413541598
PHEV,western europe,2023,4855.043213856222,4.314870000000001,1571.1008,1099.77056,Q1,2500,35,3.053514529542489,1.0687300853398711
PHEV,western europe,2023,4855.043213856222,4.314870000000001,1571.1008,1099.77056,Q2,10000,35,0.7957401573856222,0.27850905508496776
PHEV,western europe,2023,4855.043213856222,4.314870000000001,1571.1008,1099.77056,Q3,20000,20,0.41944442869281107,0.08388888573856221
PHEV,western europe,2023,4855.043213856222,4.314870000000001,1571.1008,1099.77056,Q4,40000,10,0.23129656434640555,0.023129656434640555
BEV,western europe,2023,4785.026790871718,2.3409,1820.0679999999993,1092.0407999999995,Q1,2500,35,3.1022632363486866,1.0857921327220403
BEV,western europe,2023,4785.026790871718,2.3409,1820.0679999999993,1092.0407999999995,Q2,10000,35,0.7931225590871717,0.2775928956805101
BEV,western europe,2023,4785.026790871718,2.3409,1820.0679999999993,1092.0407999999995,Q3,20000,20,0.40826577954358584,0.08165315590871718
BEV,western europe,2023,4785.026790871718,2.3409,1820.0679999999993,1092.0407999999995,Q4,40000,10,0.2158373897717929,0.02158373897717929
FCEV,western europe,2023,5689.515288631303,7.8705,2102.6326750000003,1682.10614,Q1,2500,35,3.868406641452521,1.3539423245083824
FCEV,western europe,2023,5689.515288631303,7.8705,2102.6326750000003,1682.10614,Q2,10000,35,1.0261304103631304,0.3591456436270956
FCEV,western europe,2023,5689.515288631303,7.8705,2102.6326750000003,1682.10614,Q3,20000,20,0.5524177051815652,0.11048354103631304
FCEV,western europe,2023,5689.515288631303,7.8705,2102.6326750000003,1682.10614,Q4,40000,10,0.31556135259078255,0.03155613525907826
ICE-G,western europe,2024,4140.891473397084,7.649984925000003,1608.0,1876.0,Q1,2500,35,3.126456438608834,1.0942597535130918
ICE-G,western europe,2024,4140.891473397084,7.649984925000003,1608.0,1876.0,Q2,10000,35,0.8389889965897084,0.29364614880639794
ICE-G,western europe,2024,4140.891473397084,7.649984925000003,1608.0,1876.0,Q3,20000,20,0.45774442291985423,0.09154888458397085
ICE-G,western europe,2024,4140.891473397084,7.649984925000003,1608.0,1876.0,Q4,40000,10,0.26712213608492713,0.026712213608492713
ICE-D,western europe,2024,4449.913225143136,6.0573700211200014,1728.0,2016.0,Q1,2500,35,3.3381389902684546,1.1683486465939592
ICE-D,western europe,2024,4449.913225143136,6.0573700211200014,1728.0,2016.0,Q2,10000,35,0.8799650227255137,0.3079877579539298
ICE-D,western europe,2024,4449.913225143136,6.0573700211200014,1728.0,2016.0,Q3,20000,20,0.47026936146835685,0.09405387229367136
ICE-D,western europe,2024,4449.913225143136,6.0573700211200014,1728.0,2016.0,Q4,40000,10,0.26542153083977843,0.026542153083977844
CNG,western europe,2024,4712.9994526203645,5.19271704,1435.85,1723.02,Q1,2500,35,3.2006749514481463,1.1202362330068512
CNG,western europe,2024,4712.9994526203645,5.19271704,1435.85,1723.02,Q2,10000,35,0.8391141156620365,0.29368994048171276
CNG,western europe,2024,4712.9994526203645,5.19271704,1435.85,1723.02,Q3,20000,20,0.4455206430310183,0.08910412860620365
CNG,western europe,2024,4712.9994526203645,5.19271704,1435.85,1723.02,Q4,40000,10,0.24872390671550915,0.024872390671550913
HEV,western europe,2024,4432.806374288238,6.954531750000001,1577.9106111999997,1291.0177727999999,Q1,2500,35,2.990239220815295,1.046583727285353
HEV,western europe,2024,4432.806374288238,6.954531750000001,1577.9106111999997,1291.0177727999999,Q2,10000,35,0.7997187933288238,0.27990157766508833
HEV,western europe,2024,4432.806374288238,6.954531750000001,1577.9106111999997,1291.0177727999999,Q3,20000,20,0.43463205541441186,0.08692641108288238
HEV,western europe,2024,4432.806374288238,6.954531750000001,1577.9106111999997,1291.0177727999999,Q4,40000,10,0.25208868645720595,0.025208868645720594
PHEV,western europe,2024,4845.018449342619,4.3736247000000015,1567.856768,1097.4997376000001,Q1,2500,35,3.047886228977047,1.0667601801419666
PHEV,western europe,2024,4845.018449342619,4.3736247000000015,1567.856768,1097.4997376000001,Q2,10000,35,0.7947737424942618,0.27817080987299164
PHEV,western europe,2024,4845.018449342619,4.3736247000000015,1567.856768,1097.4997376000001,Q3,20000,20,0.4192549947471309,0.08385099894942619
PHEV,western europe,2024,4845.018449342619,4.3736247000000015,1567.856768,1097.4997376000001,Q4,40000,10,0.23149562087356546,0.023149562087356544
BEV,western europe,2024,4726.392106503163,2.387718,1797.7652799999998,1078.6591680000001,Q1,2500,35,3.065003801801265,1.0727513306304426
BEV,western europe,2024,4726.392106503163,2.387718,1797.7652799999998,1078.6591680000001,Q2,10000,35,0.7841588354503163,0.2744555924076107
BEV,western europe,2024,4726.392106503163,2.387718,1797.7652799999998,1078.6591680000001,Q3,20000,20,0.4040180077251581,0.08080360154503163
BEV,western europe,2024,4726.392106503163,2.387718,1797.7652799999998,1078.6591680000001,Q4,40000,10,0.21394759386257906,0.021394759386257903
FCEV,western europe,2024,5465.453591057223,7.696133999999999,2019.8278273750004,1615.8622619000002,Q1,2500,35,3.7174188121328893,1.3010965842465112
FCEV,western europe,2024,5465.453591057223,7.696133999999999,2019.8278273750004,1615.8622619000002,Q2,10000,35,0.9870757080332223,0.3454764978116278
FCEV,western europe,2024,5465.453591057223,7.696133999999999,2019.8278273750004,1615.8622619000002,Q3,20000,20,0.5320185240166111,0.10640370480332223
FCEV,western europe,2024,5465.453591057223,7.696133999999999,2019.8278273750004,1615.8622619000002,Q4,40000,10,0.30448993200830554,0.03044899320083055
ICE-G,western europe,2025,4788.292043305061,8.499133251675001,1859.4,2169.3,Q1,2500,35,3.6117881498387745,1.264125852443571
ICE-G,western europe,2025,4788.292043305061,8.499133251675001,1859.4,2169.3,Q2,10000,35,0.966690536847256,0.33834168789653957
ICE-G,western europe,2025,4788.292043305061,8.499133251675001,1859.4,2169.3,Q3,20000,20,0.525840934682003,0.10516818693640059
ICE-G,western europe,2025,4788.292043305061,8.499133251675001,1859.4,2169.3,Q4,40000,10,0.3054161335993765,0.030541613359937655
ICE-D,western europe,2025,4942.802919178087,6.844743223031298,1919.4,2239.3,Q1,2500,35,3.709048599901548,1.2981670099655418
ICE-D,western europe,2025,4942.802919178087,6.844743223031298,1919.4,2239.3,Q2,10000,35,0.9785977241481219,0.3425092034518426
ICE-D,western europe,2025,4942.802919178087,6.844743223031298,1919.4,2239.3,Q3,20000,20,0.5235225781892174,0.10470451563784348
ICE-D,western europe,2025,4942.802919178087,6.844743223031298,1919.4,2239.3,Q4,40000,10,0.2959850052097652,0.02959850052097652
CNG,western europe,2025,4712.9994526203645,5.244644210400001,1435.85,1723.02,Q1,2500,35,3.201194223152146,1.1204179781032513
CNG,western europe,2025,4712.9994526203645,5.244644210400001,1435.85,1723.02,Q2,10000,35,0.8396333873660365,0.2938716855781128
CNG,western europe,2025,4712.9994526203645,5.244644210400001,1435.85,1723.02,Q3,20000,20,0.4460399147350183,0.08920798294700366
CNG,western europe,2025,4712.9994526203645,5.244644210400001,1435.85,1723.02,Q4,40000,10,0.24924317841950916,0.024924317841950917
HEV,western europe,2025,4631.264569439904,7.726484774250003,1648.5541867520003,1348.8170618880001,Q1,2500,35,3.1287191749744623,1.0950517112410618
HEV,western europe,2025,4631.264569439904,7.726484774250003,1648.5541867520003,1348.8170618880001,Q2,10000,35,0.8401284295504905,0.2940449503426717
HEV,western europe,2025,4631.264569439904,7.726484774250003,1648.5541867520003,1348.8170618880001,Q3,20000,20,0.4586966386464953,0.09173932772929906
HEV,western europe,2025,4631.264569439904,7.726484774250003,1648.5541867520003,1348.8170618880001,Q4,40000,10,0.26798074319449766,0.026798074319449763
PHEV,western europe,2025,5036.258814044494,4.433279067000001,1629.7424972799997,1140.8197480959998,Q1,2500,35,3.1670612144381973,1.1084714250533692
PHEV,western europe,2025,5036.258814044494,4.433279067000001,1629.7424972799997,1140.8197480959998,Q2,10000,35,0.8250148966120494,0.2887552138142173
PHEV,western europe,2025,5036.258814044494,4.433279067000001,1629.7424972799997,1140.8197480959998,Q3,20000,20,0.4346738436410247,0.08693476872820494
PHEV,western europe,2025,5036.258814044494,4.433279067000001,1629.7424972799997,1140.8197480959998,Q4,40000,10,0.23950331715551235,0.023950331715551235
BEV,western europe,2025,4670.102809509348,2.43547236,1776.3546688,1065.8128012799998,Q1,2500,35,3.029262835435739,1.0602419924025086
BEV,western europe,2025,4670.102809509348,2.43547236,1776.3546688,1065.8128012799998,Q2,10000,35,0.7755817515589347,0.27145361304562715
BEV,western europe,2025,4670.102809509348,2.43547236,1776.3546688,1065.8128012799998,Q3,20000,20,0.39996823757946737,0.07999364751589347
BEV,western europe,2025,4670.102809509348,2.43547236,1776.3546688,1065.8128012799998,Q4,40000,10,0.21216148058973366,0.021216148058973365
FCEV,western europe,2025,5257.490577697005,7.531551719999999,1942.9724530768754,1554.3779624615001,Q1,2500,35,3.5772519144941524,1.2520381700729533
FCEV,western europe,2025,5257.490577697005,7.531551719999999,1942.9724530768754,1554.3779624615001,Q2,10000,35,0.9507996165235381,0.3327798657832383
FCEV,western europe,2025,5257.490577697005,7.531551719999999,1942.9724530768754,1554.3779624615001,Q3,20000,20,0.5130575668617691,0.1026115133723538
FCEV,western europe,2025,5257.490577697005,7.531551719999999,1942.9724530768754,1554.3779624615001,Q4,40000,10,0.2941865420308845,0.02941865420308845
ICE-G,western europe,2026,4788.292043305061,8.584124584191752,1859.4,2169.3,Q1,2500,35,3.6126380631639416,1.2644233221073795
ICE-G,western europe,2026,4788.292043305061,8.584124584191752,1859.4,2169.3,Q2,10000,35,0.9675404501724236,0.3386391575603483
ICE-G,western europe,2026,4788.292043305061,8.584124584191752,1859.4,2169.3,Q3,20000,20,0.5266908480071706,0.10533816960143412
ICE-G,western europe,2026,4788.292043305061,8.584124584191752,1859.4,2169.3,Q4,40000,10,0.30626604692454407,0.030626604692454408
ICE-D,western europe,2026,4942.802919178087,7.031366620487948,1919.4,2239.3,Q1,2500,35,3.7109148338761146,1.29882019185664
ICE-D,western europe,2026,4942.802919178087,7.031366620487948,1919.4,2239.3,Q2,10000,35,0.9804639581226883,0.34316238534294086
ICE-D,western europe,2026,4942.802919178087,7.031366620487948,1919.4,2239.3,Q3,20000,20,0.5253888121637839,0.10507776243275677
ICE-D,western europe,2026,4942.802919178087,7.031366620487948,1919.4,2239.3,Q4,40000,10,0.2978512391843317,0.029785123918433173
CNG,western europe,2026,4712.9994526203645,5.297090652503999,1435.85,1723.02,Q1,2500,35,3.2017186875731865,1.1206015406506153
CNG,western europe,2026,4712.9994526203645,5.297090652503999,1435.85,1723.02,Q2,10000,35,0.8401578517870766,0.2940552481254768
CNG,western europe,2026,4712.9994526203645,5.297090652503999,1435.85,1723.02,Q3,20000,20,0.4465643791560583,0.08931287583121165
CNG,western europe,2026,4712.9994526203645,5.297090652503999,1435.85,1723.02,Q4,40000,10,0.24976764284054914,0.024976764284054914
HEV,western europe,2026,4628.954863695973,7.8037496219925035,1647.73201928192,1348.14437941248,Q1,2500,35,3.127970001176074,1.094789500411626
HEV,western europe,2026,4628.954863695973,7.8037496219925035,1647.73201928192,1348.14437941248,Q2,10000,35,0.8405206224589623,0.2941822178606368
HEV,western europe,2026,4628.954863695973,7.8037496219925035,1647.73201928192,1348.14437941248,Q3,20000,20,0.4592790593394437,0.09185581186788873
HEV,western europe,2026,4628.954863695973,7.8037496219925035,1647.73201928192,1348.14437941248,Q4,40000,10,0.2686582777796843,0.026865827777968435
PHEV,western europe,2026,5027.019991068759,4.49384834007,1626.7527973888,1138.72695817216,Q1,2500,35,3.1619383820525875,1.1066784337184057
PHEV,western europe,2026,5027.019991068759,4.49384834007,1626.7527973888,1138.72695817216,Q2,10000,35,0.8241884580636718,0.2884659603222851
PHEV,western europe,2026,5027.019991068759,4.49384834007,1626.7527973888,1138.72695817216,Q3,20000,20,0.43456347073218593,0.08691269414643718
PHEV,western europe,2026,5027.019991068759,4.49384834007,1626.7527973888,1138.72695817216,Q4,40000,10,0.23975097706644297,0.023975097706644296
BEV,western europe,2026,4616.065084395286,2.4841818072,1755.800482048,1053.4802892288,Q1,2500,35,2.9949801603408344,1.0482430561192921
BEV,western europe,2026,4616.065084395286,2.4841818072,1755.800482048,1053.4802892288,Q2,10000,35,0.7673764036392087,0.26858174127372303
BEV,western europe,2026,4616.065084395286,2.4841818072,1755.800482048,1053.4802892288,Q3,20000,20,0.3961091108556043,0.07922182217112086
BEV,western europe,2026,4616.065084395286,2.4841818072,1755.800482048,1053.4802892288,Q4,40000,10,0.21047546446380216,0.021047546446380218
FCEV,western europe,2026,5064.4530656403385,7.376417992799999,1871.6329874527844,1497.3063899622275,Q1,2500,35,3.44712115715014,1.206492405002549
FCEV,western europe,2026,5064.4530656403385,7.376417992799999,1871.6329874527844,1497.3063899622275,Q2,10000,35,0.9171034242335351,0.32098619848173726
FCEV,western europe,2026,5064.4530656403385,7.376417992799999,1871.6329874527844,1497.3063899622275,Q3,20000,20,0.49543380208076754,0.09908676041615351
FCEV,western europe,2026,5064.4530656403385,7.376417992799999,1871.6329874527844,1497.3063899622275,Q4,40000,10,0.28459899100438374,0.028459899100438377
ICE-G,western europe,2027,4788.292043305061,8.66996583003367,1859.4,2169.3,Q1,2500,35,3.613496475622361,1.2647237664678264
ICE-G,western europe,2027,4788.292043305061,8.66996583003367,1859.4,2169.3,Q2,10000,35,0.9683988626308427,0.338939601920795
ICE-G,western europe,2027,4788.292043305061,8.66996583003367,1859.4,2169.3,Q3,20000,20,0.5275492604655897,0.10550985209311793
ICE-G,western europe,2027,4788.292043305061,8.66996583003367,1859.4,2169.3,Q4,40000,10,0.30712445938296323,0.03071244593829632
ICE-D,western europe,2027,4942.802919178087,7.223114884817622,1919.4,2239.3,Q1,2500,35,3.7128323165194117,1.2994913107817943
ICE-D,western europe,2027,4942.802919178087,7.223114884817622,1919.4,2239.3,Q2,10000,35,0.982381440765985,0.3438335042680947
ICE-D,western europe,2027,4942.802919178087,7.223114884817622,1919.4,2239.3,Q3,20000,20,0.5273062948070806,0.1054612589614161
ICE-D,western europe,2027,4942.802919178087,7.223114884817622,1919.4,2239.3,Q4,40000,10,0.2997687218276284,0.02997687218276284
CNG,western europe,2027,4712.9994526203645,5.350061559029039,1435.85,1723.02,Q1,2500,35,3.2022483966384367,1.1207869388234528
CNG,western europe,2027,4712.9994526203645,5.350061559029039,1435.85,1723.02,Q2,10000,35,0.840687560852327,0.2942406462983145
CNG,western europe,2027,4712.9994526203645,5.350061559029039,1435.85,1723.02,Q3,20000,20,0.4470940882213087,0.08941881764426174
CNG,western europe,2027,4712.9994526203645,5.350061559029039,1435.85,1723.02,Q4,40000,10,0.25029735190579955,0.025029735190579955
HEV,western europe,2027,4626.7375461817965,7.8817871182124275,1646.942738510643,1347.4986042359806,Q1,2500,35,3.127289426753492,1.094551299363722
HEV,western europe,2027,4626.7375461817965,7.8817871182124275,1646.942738510643,1347.4986042359806,Q2,10000,35,0.8409357600749662,0.2943275160262382
HEV,western europe,2027,4626.7375461817965,7.8817871182124275,1646.942738510643,1347.4986042359806,Q3,20000,20,0.4598768156285452,0.09197536312570903
HEV,western europe,2027,4626.7375461817965,7.8817871182124275,1646.942738510643,1347.4986042359806,Q4,40000,10,0.2693473434053347,0.02693473434053347
PHEV,western europe,2027,5018.150721012052,4.555348035518701,1623.882685493248,1136.7178798452735,Q1,2500,35,3.157053994895416,1.1049688982133956
PHEV,western europe,2027,5018.150721012052,4.555348035518701,1623.882685493248,1136.7178798452735,Q2,10000,35,0.8234286089902443,0.2882000131465855
PHEV,western europe,2027,5018.150721012052,4.555348035518701,1623.882685493248,1136.7178798452735,Q3,20000,20,0.43449104467271565,0.08689820893454313
PHEV,western europe,2027,5018.150721012052,4.555348035518701,1623.882685493248,1136.7178798452735,Q4,40000,10,0.2400222625139513,0.02400222625139513
BEV,western europe,2027,4564.188868285786,2.5338654433439998,1736.0684627660798,1041.6410776596479,Q1,2500,35,2.9620980179180454,1.036734306271316
BEV,western europe,2027,4564.188868285786,2.5338654433439998,1736.0684627660798,1041.6410776596479,Q2,10000,35,0.7595284953045913,0.26583497335660694
BEV,western europe,2027,4564.188868285786,2.5338654433439998,1736.0684627660798,1041.6410776596479,Q3,20000,20,0.3924335748690157,0.07848671497380315
BEV,western europe,2027,4564.188868285786,2.5338654433439998,1736.0684627660798,1041.6410776596479,Q4,40000,10,0.20888611465122783,0.020888611465122785
FCEV,western europe,2027,4885.254163021486,7.230412181519999,1805.4077558019553,1444.3262046415643,Q1,2500,35,3.3262993712012023,1.1642047799204207
FCEV,western europe,2027,4885.254163021486,7.230412181519999,1805.4077558019553,1444.3262046415643,Q2,10000,35,0.8858029341617005,0.3100310269565952
FCEV,western europe,2027,4885.254163021486,7.230412181519999,1805.4077558019553,1444.3262046415643,Q3,20000,20,0.47905352798845025,0.09581070559769005
FCEV,western europe,2027,4885.254163021486,7.230412181519999,1805.4077558019553,1444.3262046415643,Q4,40000,10,0.27567882490182516,0.027567882490182515
ICE-G,western europe,2028,4788.292043305061,8.756665488334006,1859.4,2169.3,Q1,2500,35,3.6143634722053646,1.2650272152718776
ICE-G,western europe,2028,4788.292043305061,8.756665488334006,1859.4,2169.3,Q2,10000,35,0.9692658592138461,0.3392430507248461
ICE-G,western europe,2028,4788.292043305061,8.756665488334006,1859.4,2169.3,Q3,20000,20,0.5284162570485931,0.10568325140971861
ICE-G,western europe,2028,4788.292043305061,8.756665488334006,1859.4,2169.3,Q4,40000,10,0.30799145596596655,0.030799145596596657
ICE-D,western europe,2028,4942.802919178087,7.420129500527649,1919.4,2239.3,Q1,2500,35,3.714802462676512,1.3001808619367794
ICE-D,western europe,2028,4942.802919178087,7.420129500527649,1919.4,2239.3,Q2,10000,35,0.9843515869230853,0.34452305542307987
ICE-D,western europe,2028,4942.802919178087,7.420129500527649,1919.4,2239.3,Q3,20000,20,0.5292764409641809,0.10585528819283618
ICE-D,western europe,2028,4942.802919178087,7.420129500527649,1919.4,2239.3,Q4,40000,10,0.3017388679847287,0.03017388679847287
CNG,western europe,2028,4712.9994526203645,5.4035621746193305,1435.85,1723.02,Q1,2500,35,3.20278340279434,1.1209741909780189
CNG,western europe,2028,4712.9994526203645,5.4035621746193305,1435.85,1723.02,Q2,10000,35,0.8412225670082298,0.2944278984528804
CNG,western europe,2028,4712.9994526203645,5.4035621746193305,1435.85,1723.02,Q3,20000,20,0.4476290943772116,0.08952581887544232
CNG,western europe,2028,4712.9994526203645,5.4035621746193305,1435.85,1723.02,Q4,40000,10,0.25083235806170245,0.025083235806170244
HEV,western europe,2028,4624.608921368184,7.960604989394553,1646.1850289702174,1346.8786600665414,Q1,2500,35,3.126675094055923,1.094336282919573
HEV,western europe,2028,4624.608921368184,7.960604989394553,1646.1850289702174,1346.8786600665414,Q2,10000,35,0.8413733109344399,0.294480658827054
HEV,western europe,2028,4624.608921368184,7.960604989394553,1646.1850289702174,1346.8786600665414,Q3,20000,20,0.46048968041419275,0.09209793608283855
HEV,western europe,2028,4624.608921368184,7.960604989394553,1646.1850289702174,1346.8786600665414,Q4,40000,10,0.27004786515406914,0.027004786515406914
PHEV,western europe,2028,5395.913411440177,4.617793952162848,1746.127378073518,1222.2891646514627,Q1,2500,35,3.3919099211876915,1.187168472415692
PHEV,western europe,2028,5395.913411440177,4.617793952162848,1746.127378073518,1222.2891646514627,Q2,10000,35,0.8826109349381442,0.3089138272283505
PHEV,western europe,2028,5395.913411440177,4.617793952162848,1746.127378073518,1222.2891646514627,Q3,20000,20,0.4643944372298863,0.09287888744597726
PHEV,western europe,2028,5395.913411440177,4.617793952162848,1746.127378073518,1222.2891646514627,Q4,40000,10,0.2552861883757574,0.025528618837575737
BEV,western europe,2028,5007.332207997567,2.5845427522108797,1904.6257242554366,1142.7754345532621,Q1,2500,35,3.247738774244615,1.1367085709856153
BEV,western europe,2028,5007.332207997567,2.5845427522108797,1904.6257242554366,1142.7754345532621,Q2,10000,35,0.8313187642027354,0.2909615674709574
BEV,western europe,2028,5007.332207997567,2.5845427522108797,1904.6257242554366,1142.7754345532621,Q3,20000,20,0.4285820958624221,0.08571641917248442
BEV,western europe,2028,5007.332207997567,2.5845427522108797,1904.6257242554366,1142.7754345532621,Q4,40000,10,0.22721376169226545,0.022721376169226547
FCEV,western europe,2028,4718.8868831894315,7.093227620859839,1743.9246134111208,1395.1396907288968,Q1,2500,35,3.2141127511403775,1.124939462899132
FCEV,western europe,2028,4718.8868831894315,7.093227620859839,1743.9246134111208,1395.1396907288968,Q2,10000,35,0.8567273949415433,0.29985458822954014
FCEV,western europe,2028,4718.8868831894315,7.093227620859839,1743.9246134111208,1395.1396907288968,Q3,20000,20,0.4638298355750708,0.09276596711501416
FCEV,western europe,2028,4718.8868831894315,7.093227620859839,1743.9246134111208,1395.1396907288968,Q4,40000,10,0.2673810558918346,0.026738105589183457
ICE-G,western europe,2029,4788.292043305061,8.844232143217347,1859.4,2169.3,Q1,2500,35,3.615239138754198,1.2653336985639692
ICE-G,western europe,2029,4788.292043305061,8.844232143217347,1859.4,2169.3,Q2,10000,35,0.9701415257626795,0.3395495340169379
ICE-G,western europe,2029,4788.292043305061,8.844232143217347,1859.4,2169.3,Q3,20000,20,0.5292919235974265,0.1058583847194853
ICE-G,western europe,2029,4788.292043305061,8.844232143217347,1859.4,2169.3,Q4,40000,10,0.3088671225148,0.030886712251479997
ICE-D,western europe,2029,4942.802919178087,7.622555873456258,1919.4,2239.3,Q1,2500,35,3.716826726405798,1.3008893542420292
ICE-D,western europe,2029,4942.802919178087,7.622555873456258,1919.4,2239.3,Q2,10000,35,0.9863758506523714,0.34523154772833003
ICE-D,western europe,2029,4942.802919178087,7.622555873456258,1919.4,2239.3,Q3,20000,20,0.531300704693467,0.1062601409386934
ICE-D,western europe,2029,4942.802919178087,7.622555873456258,1919.4,2239.3,Q4,40000,10,0.3037631317140148,0.030376313171401482
CNG,western europe,2029,4712.9994526203645,5.457597796365524,1435.85,1723.02,Q1,2500,35,3.2033237590118016,1.1211633156541305
CNG,western europe,2029,4712.9994526203645,5.457597796365524,1435.85,1723.02,Q2,10000,35,0.8417629232256918,0.29461702312899213
CNG,western europe,2029,4712.9994526203645,5.457597796365524,1435.85,1723.02,Q3,20000,20,0.4481694505946735,0.0896338901189347
CNG,western europe,2029,4712.9994526203645,5.457597796365524,1435.85,1723.02,Q4,40000,10,0.2513727142791644,0.02513727142791644
HEV,western europe,2029,4622.565441547121,8.040211039288497,1645.4576278114087,1346.2835136638796,Q1,2500,35,3.1261247436018484,1.094143660260647
HEV,western europe,2029,4622.565441547121,8.040211039288497,1645.4576278114087,1346.2835136638796,Q2,10000,35,0.8418327686951259,0.2946414690432941
HEV,western europe,2029,4622.565441547121,8.040211039288497,1645.4576278114087,1346.2835136638796,Q3,20000,20,0.4611174395440054,0.09222348790880108
HEV,western europe,2029,4622.565441547121,8.040211039288497,1645.4576278114087,1346.2835136638796,Q4,40000,10,0.27075977496844517,0.027075977496844518
PHEV,western europe,2029,5387.739492155916,4.681202176699216,1743.4822829505772,1220.4375980654038,Q1,2500,35,3.387475771035751,1.1856165198625128
PHEV,western europe,2029,5387.739492155916,4.681202176699216,1743.4822829505772,1220.4375980654038,Q2,10000,35,0.8819779590841819,0.30869228567946366
PHEV,western europe,2029,5387.739492155916,4.681202176699216,1743.4822829505772,1220.4375980654038,Q3,20000,20,0.464394990425587,0.0928789980851174
PHEV,western europe,2029,5387.739492155916,4.681202176699216,1743.4822829505772,1220.4375980654038,Q4,40000,10,0.25560350609628957,0.025560350609628957
BEV,western europe,2029,4959.523087231053,2.6362336072550976,1886.4406952852194,1131.8644171711317,Q1,2500,35,3.2174936159475127,1.1261227655816295
BEV,western europe,2029,4959.523087231053,2.6362336072550976,1886.4406952852194,1131.8644171711317,Q2,10000,35,0.8241451560412915,0.288450804614452
BEV,western europe,2029,4959.523087231053,2.6362336072550976,1886.4406952852194,1131.8644171711317,Q3,20000,20,0.4252537460569212,0.08505074921138422
BEV,western europe,2029,4959.523087231053,2.6362336072550976,1886.4406952852194,1131.8644171711317,Q4,40000,10,0.2258080410647361,0.02258080410647361
FCEV,western europe,2029,4564.418233380307,6.964571081158098,1686.8387609482959,1349.4710087586366,Q1,2500,35,3.109936912046477,1.088477919216267
FCEV,western europe,2029,4564.418233380307,6.964571081158098,1686.8387609482959,1349.4710087586366,Q2,10000,35,0.8297185111203049,0.2904014788921067
FCEV,western europe,2029,4564.418233380307,6.964571081158098,1686.8387609482959,1349.4710087586366,Q3,20000,20,0.44968211096594296,0.08993642219318859
FCEV,western europe,2029,4564.418233380307,6.964571081158098,1686.8387609482959,1349.4710087586366,Q4,40000,10,0.25966391088876195,0.025966391088876196
ICE-G,western europe,2030,4788.292043305061,8.932674464649521,1859.4,2169.3,Q1,2500,35,3.6161235619685197,1.265643246688982
ICE-G,western europe,2030,4788.292043305061,8.932674464649521,1859.4,2169.3,Q2,10000,35,0.9710259489770012,0.33985908214195043
ICE-G,western europe,2030,4788.292043305061,8.932674464649521,1859.4,2169.3,Q3,20000,20,0.5301763468117482,0.10603526936234964
ICE-G,western europe,2030,4788.292043305061,8.932674464649521,1859.4,2169.3,Q4,40000,10,0.3097515457291217,0.030975154572912174
ICE-D,western europe,2030,4942.802919178087,7.830543439765143,1919.4,2239.3,Q1,2500,35,3.718906602068887,1.3016173107241105
ICE-D,western europe,2030,4942.802919178087,7.830543439765143,1919.4,2239.3,Q2,10000,35,0.9884557263154603,0.3459595042104111
ICE-D,western europe,2030,4942.802919178087,7.830543439765143,1919.4,2239.3,Q3,20000,20,0.5333805803565559,0.10667611607131118
ICE-D,western europe,2030,4942.802919178087,7.830543439765143,1919.4,2239.3,Q4,40000,10,0.3058430073771036,0.030584300737710363
CNG,western europe,2030,4712.9994526203645,5.512173774329177,1435.85,1723.02,Q1,2500,35,3.2038695187914383,1.1213543315770034
CNG,western europe,2030,4712.9994526203645,5.512173774329177,1435.85,1723.02,Q2,10000,35,0.8423086830053284,0.2948080390518649
CNG,western europe,2030,4712.9994526203645,5.512173774329177,1435.85,1723.02,Q3,20000,20,0.44871521037431006,0.089743042074862
CNG,western europe,2030,4712.9994526203645,5.512173774329177,1435.85,1723.02,Q4,40000,10,0.2519184740588009,0.025191847405880093
HEV,western europe,2030,4620.603700918898,8.120613149681384,1644.7593226989522,1345.7121731173245,Q1,2500,35,3.1256362101908834,1.0939726735668092
HEV,western europe,2030,4620.603700918898,8.120613149681384,1644.7593226989522,1345.7121731173245,Q2,10000,35,0.8423136511703313,0.29480977790961593
HEV,western europe,2030,4620.603700918898,8.120613149681384,1644.7593226989522,1345.7121731173245,Q3,20000,20,0.46175989133357254,0.09235197826671451
HEV,western europe,2030,4620.603700918898,8.120613149681384,1644.7593226989522,1345.7121731173245,Q4,40000,10,0.2714830114151932,0.02714830114151932
PHEV,western europe,2030,5379.892529643025,4.745589089181242,1740.9429916325544,1218.6600941427878,Q1,2500,35,3.3832541370591596,1.1841389479707058
PHEV,western europe,2030,5379.892529643025,4.745589089181242,1740.9429916325544,1218.6600941427878,Q2,10000,35,0.8814054524336492,0.3084919083517772
PHEV,western europe,2030,5379.892529643025,4.745589089181242,1740.9429916325544,1218.6600941427878,Q3,20000,20,0.4644306716627308,0.09288613433254617
PHEV,western europe,2030,5379.892529643025,4.745589089181242,1740.9429916325544,1218.6600941427878,Q4,40000,10,0.2559432812772716,0.025594328127727158
BEV,western europe,2030,4913.626331295198,2.6889582794001994,1868.9830674738103,1121.3898404842862,Q1,2500,35,3.1884892784953203,1.115971247473362
BEV,western europe,2030,4913.626331295198,2.6889582794001994,1868.9830674738103,1121.3898404842862,Q2,10000,35,0.8172895067193315,0.286051327351766
BEV,western europe,2030,4913.626331295198,2.6889582794001994,1868.9830674738103,1121.3898404842862,Q3,20000,20,0.42208954475666677,0.08441790895133336
BEV,western europe,2030,4913.626331295198,2.6889582794001994,1868.9830674738103,1121.3898404842862,Q4,40000,10,0.22448956377533438,0.02244895637753344
FCEV,western europe,2030,4488.631260767852,6.844162254347078,1658.8307221488053,1327.064577719044,Q1,2500,35,3.058252246797751,1.070388286379213
FCEV,western europe,2030,4488.631260767852,6.844162254347078,1658.8307221488053,1327.064577719044,Q2,10000,35,0.8158942786070408,0.2855629975124643
FCEV,western europe,2030,4488.631260767852,6.844162254347078,1658.8307221488053,1327.064577719044,Q3,20000,20,0.4421679505752558,0.08843359011505117
FCEV,western europe,2030,4488.631260767852,6.844162254347078,1658.8307221488053,1327.064577719044,Q4,40000,10,0.2553047865593633,0.025530478655936325
ICE-G,western europe,2031,4788.292043305061,9.022001209296015,1859.4,2169.3,Q1,2500,35,3.6170168294149843,1.2659558902952446
ICE-G,western europe,2031,4788.292043305061,9.022001209296015,1859.4,2169.3,Q2,10000,35,0.9719192164234662,0.34017172574821314
ICE-G,western europe,2031,4788.292043305061,9.022001209296015,1859.4,2169.3,Q3,20000,20,0.5310696142582132,0.10621392285164263
ICE-G,western europe,2031,4788.292043305061,9.022001209296015,1859.4,2169.3,Q4,40000,10,0.3106448131755867,0.03106448131755867
ICE-D,western europe,2031,4942.802919178087,8.04424577796772,1919.4,2239.3,Q1,2500,35,3.7210436254509127,1.3023652689078193
ICE-D,western europe,2031,4942.802919178087,8.04424577796772,1919.4,2239.3,Q2,10000,35,0.990592749697486,0.3467074623941201
ICE-D,western europe,2031,4942.802919178087,8.04424577796772,1919.4,2239.3,Q3,20000,20,0.5355176037385816,0.10710352074771631
ICE-D,western europe,2031,4942.802919178087,8.04424577796772,1919.4,2239.3,Q4,40000,10,0.3079800307591294,0.03079800307591294
CNG,western europe,2031,4712.9994526203645,5.567295512072469,1435.85,1723.02,Q1,2500,35,3.204420736168871,1.1215472576591048
CNG,western europe,2031,4712.9994526203645,5.567295512072469,1435.85,1723.02,Q2,10000,35,0.8428599003827613,0.29500096513396645
CNG,western europe,2031,4712.9994526203645,5.567295512072469,1435.85,1723.02,Q3,20000,20,0.44926642775174297,0.0898532855503486
CNG,western europe,2031,4712.9994526203645,5.567295512072469,1435.85,1723.02,Q4,40000,10,0.2524696914362338,0.025246969143623385
HEV,western europe,2031,4618.720429915803,8.201819281178198,1644.0889497909939,1345.1636861926315,Q1,2500,35,3.125207419171553,1.0938225967100437
HEV,western europe,2031,4618.720429915803,8.201819281178198,1644.0889497909939,1345.1636861926315,Q2,10000,35,0.8428154994017248,0.2949854247906037
HEV,western europe,2031,4618.720429915803,8.201819281178198,1644.0889497909939,1345.1636861926315,Q3,20000,20,0.4624168461067534,0.09248336922135067
HEV,western europe,2031,4618.720429915803,8.201819281178198,1644.0889497909939,1345.1636861926315,Q4,40000,10,0.2722175194592677,0.02722175194592677
PHEV,western europe,2031,5372.359445630651,4.81097136860239,1738.505271967252,1216.9536903770763,Q1,2500,35,3.3792370768760156,1.1827329769066055
PHEV,western europe,2031,5372.359445630651,4.81097136860239,1738.505271967252,1216.9536903770763,Q2,10000,35,0.8808915544835219,0.3083120440692327
PHEV,western europe,2031,5372.359445630651,4.81097136860239,1738.505271967252,1216.9536903770763,Q3,20000,20,0.4645006340847729,0.09290012681695459
PHEV,western europe,2031,5372.359445630651,4.81097136860239,1738.505271967252,1216.9536903770763,Q4,40000,10,0.25630517388539836,0.025630517388539834
BEV,western europe,2031,4869.565445596778,2.742737444988204,1852.2237447748585,1111.3342468649148,Q1,2500,35,3.1606767493445025,1.1062368622705758
BEV,western europe,2031,4869.565445596778,2.742737444988204,1852.2237447748585,1111.3342468649148,Q2,10000,35,0.8107397181735372,0.283758901360738
BEV,western europe,2031,4869.565445596778,2.742737444988204,1852.2237447748585,1111.3342468649148,Q3,20000,20,0.4190835463117096,0.08381670926234192
BEV,western europe,2031,4869.565445596778,2.742737444988204,1852.2237447748585,1111.3342468649148,Q4,40000,10,0.2232554603807958,0.02232554603807958
FCEV,western europe,2031,4964.257577869574,6.731733260937207,1834.604471702886,1467.6835773623088,Q1,2500,35,3.37393558338328,1.180877454184148
FCEV,western europe,2031,4964.257577869574,6.731733260937207,1834.604471702886,1467.6835773623088,Q2,10000,35,0.893971895302849,0.3128901633559972
FCEV,western europe,2031,4964.257577869574,6.731733260937207,1834.604471702886,1467.6835773623088,Q3,20000,20,0.4806446139561105,0.09612892279122211
FCEV,western europe,2031,4964.257577869574,6.731733260937207,1834.604471702886,1467.6835773623088,Q4,40000,10,0.2739809732827413,0.02739809732827413
ICE-G,western europe,2032,4788.292043305061,9.112221221388976,1859.4,2169.3,Q1,2500,35,3.6179190295359143,1.2662716603375699
ICE-G,western europe,2032,4788.292043305061,9.112221221388976,1859.4,2169.3,Q2,10000,35,0.9728214165443958,0.34048749579053855
ICE-G,western europe,2032,4788.292043305061,9.112221221388976,1859.4,2169.3,Q3,20000,20,0.5319718143791428,0.10639436287582855
ICE-G,western europe,2032,4788.292043305061,9.112221221388976,1859.4,2169.3,Q4,40000,10,0.3115470132965163,0.031154701329651632
ICE-D,western europe,2032,4942.802919178087,8.161113170614067,1919.4,2239.3,Q1,2500,35,3.722212299377376,1.3027743047820817
ICE-D,western europe,2032,4942.802919178087,8.161113170614067,1919.4,2239.3,Q2,10000,35,0.9917614236239495,0.3471164982683823
ICE-D,western europe,2032,4942.802919178087,8.161113170614067,1919.4,2239.3,Q3,20000,20,0.5366862776650451,0.10733725553300902
ICE-D,western europe,2032,4942.802919178087,8.161113170614067,1919.4,2239.3,Q4,40000,10,0.30914870468559286,0.03091487046855929
CNG,western europe,2032,4712.9994526203645,5.6229684671931945,1435.85,1723.02,Q1,2500,35,3.2049774657200785,1.1217421130020275
CNG,western europe,2032,4712.9994526203645,5.6229684671931945,1435.85,1723.02,Q2,10000,35,0.8434166299339685,0.29519582047688897
CNG,western europe,2032,4712.9994526203645,5.6229684671931945,1435.85,1723.02,Q3,20000,20,0.44982315730295025,0.08996463146059006
CNG,western europe,2032,4712.9994526203645,5.6229684671931945,1435.85,1723.02,Q4,40000,10,0.2530264209874411,0.02530264209874411
HEV,western europe,2032,4616.912489752834,8.28383747398998,1643.4453917993546,1344.6371387449265,Q1,2500,35,3.1248363828587458,1.093692734000561
HEV,western europe,2032,4616.912489752834,8.28383747398998,1643.4453917993546,1344.6371387449265,Q2,10000,35,0.8433378767696114,0.295168256869364
HEV,western europe,2032,4616.912489752834,8.28383747398998,1643.4453917993546,1344.6371387449265,Q3,20000,20,0.46308812575475555,0.09261762515095111
HEV,western europe,2032,4616.912489752834,8.28383747398998,1643.4453917993546,1344.6371387449265,Q4,40000,10,0.2729632502473277,0.027296325024732768
PHEV,western europe,2032,5365.127684978772,4.877365998588335,1736.1650610885617,1215.3155427619934,Q1,2500,35,3.3754169755176147,1.1813959414311652
PHEV,western europe,2032,5365.127684978772,4.877365998588335,1736.1650610885617,1215.3155427619934,Q2,10000,35,0.8804344888688161,0.30815207110408566
PHEV,western europe,2032,5365.127684978772,4.877365998588335,1736.1650610885617,1215.3155427619934,Q3,20000,20,0.46460407442734974,0.09292081488546994
PHEV,western europe,2032,5365.127684978772,4.877365998588335,1736.1650610885617,1215.3155427619934,Q4,40000,10,0.25668886720661654,0.025668886720661654
BEV,western europe,2032,4827.266995326295,2.797592193887968,1836.1347949838641,1101.6808769903184,Q1,2500,35,3.1340089888590708,1.0969031461006749
BEV,western europe,2032,4827.266995326295,2.797592193887968,1836.1347949838641,1101.6808769903184,Q2,10000,35,0.8044841886689275,0.2815694660341246
BEV,western europe,2032,4827.266995326295,2.797592193887968,1836.1347949838641,1101.6808769903184,Q3,20000,20,0.41623005530390356,0.08324601106078071
BEV,western europe,2032,4827.266995326295,2.797592193887968,1836.1347949838641,1101.6808769903184,Q4,40000,10,0.22210298862139163,0.022210298862139162
FCEV,western europe,2032,4913.740290345277,6.706808093517992,1815.9351661447831,1452.7481329158265,Q1,2500,35,3.3400375166975342,1.169013130844137
FCEV,western europe,2032,4913.740290345277,6.706808093517992,1815.9351661447831,1452.7481329158265,Q2,10000,35,0.8853104398757685,0.309858653956519
FCEV,western europe,2032,4913.740290345277,6.706808093517992,1815.9351661447831,1452.7481329158265,Q3,20000,20,0.4761892604054742,0.09523785208109484
FCEV,western europe,2032,4913.740290345277,6.706808093517992,1815.9351661447831,1452.7481329158265,Q4,40000,10,0.2716286706703271,0.027162867067032706
ICE-G,western europe,2033,4788.292043305061,9.203343433602868,1859.4,2169.3,Q1,2500,35,3.618830251658053,1.2665905880803185
ICE-G,western europe,2033,4788.292043305061,9.203343433602868,1859.4,2169.3,Q2,10000,35,0.9737326386665348,0.3408064235332872
ICE-G,western europe,2033,4788.292043305061,9.203343433602868,1859.4,2169.3,Q3,20000,20,0.5328830365012818,0.10657660730025637
ICE-G,western europe,2033,4788.292043305061,9.203343433602868,1859.4,2169.3,Q4,40000,10,0.3124582354186552,0.031245823541865517
ICE-D,western europe,2033,4942.802919178087,8.279701665792558,1919.4,2239.3,Q1,2500,35,3.723398184329161,1.3031893645152064
ICE-D,western europe,2033,4942.802919178087,8.279701665792558,1919.4,2239.3,Q2,10000,35,0.9929473085757344,0.3475315580015071
ICE-D,western europe,2033,4942.802919178087,8.279701665792558,1919.4,2239.3,Q3,20000,20,0.53787216261683,0.107574432523366
ICE-D,western europe,2033,4942.802919178087,8.279701665792558,1919.4,2239.3,Q4,40000,10,0.3103345896373778,0.03103345896373778
CNG,western europe,2033,4712.9994526203645,5.679198151865128,1435.85,1723.02,Q1,2500,35,3.2055397625667976,1.121938916898379
CNG,western europe,2033,4712.9994526203645,5.679198151865128,1435.85,1723.02,Q2,10000,35,0.8439789267806879,0.29539262437324076
CNG,western europe,2033,4712.9994526203645,5.679198151865128,1435.85,1723.02,Q3,20000,20,0.4503854541496696,0.09007709082993393
CNG,western europe,2033,4712.9994526203645,5.679198151865128,1435.85,1723.02,Q4,40000,10,0.2535887178341604,0.025358871783416045
HEV,western europe,2033,4615.176867196383,8.366675848729878,1642.8275761273803,1344.1316531951295,Q1,2500,35,3.124521197094856,1.0935824189831995
HEV,western europe,2033,4615.176867196383,8.366675848729878,1642.8275761273803,1344.1316531951295,Q2,10000,35,0.8438803681391881,0.2953581288487158
HEV,western europe,2033,4615.176867196383,8.366675848729878,1642.8275761273803,1344.1316531951295,Q3,20000,20,0.46377356331324343,0.09275471266264869
HEV,western europe,2033,4615.176867196383,8.366675848729878,1642.8275761273803,1344.1316531951295,Q4,40000,10,0.2737201609002711,0.02737201609002711
PHEV,western europe,2033,5358.185194752967,4.9447902732001365,1733.9184586450192,1213.7429210515133,Q1,2500,35,3.371786532511801,1.1801252863791303
PHEV,western europe,2033,5358.185194752967,4.9447902732001365,1733.9184586450192,1213.7429210515133,Q2,10000,35,0.8800325601769513,0.30801139606193295
PHEV,western europe,2033,5358.185194752967,4.9447902732001365,1733.9184586450192,1213.7429210515133,Q3,20000,20,0.4647402314544763,0.09294804629089526
PHEV,western europe,2033,5358.185194752967,4.9447902732001365,1733.9184586450192,1213.7429210515133,Q4,40000,10,0.25709406709323884,0.025709406709323885
BEV,western europe,2033,4786.660483066632,2.8535440377657277,1820.689403184509,1092.4136419107056,Q1,2500,35,3.1084408516423956,1.0879542980748385
BEV,western europe,2033,4786.660483066632,2.8535440377657277,1820.689403184509,1092.4136419107056,Q2,10000,35,0.7985117931938419,0.27947912761784466
BEV,western europe,2033,4786.660483066632,2.8535440377657277,1820.689403184509,1092.4136419107056,Q3,20000,20,0.41352361678574956,0.08270472335714991
BEV,western europe,2033,4786.660483066632,2.8535440377657277,1820.689403184509,1092.4136419107056,Q4,40000,10,0.22102952858170344,0.022102952858170342
FCEV,western europe,2033,4864.755739893077,6.6845756194031525,1797.8323030490833,1438.2658424392666,Q1,2500,35,3.307187310346602,1.1575155586213106
FCEV,western europe,2033,4864.755739893077,6.6845756194031525,1797.8323030490833,1438.2658424392666,Q2,10000,35,0.8769311447321742,0.30692590065626096
FCEV,western europe,2033,4864.755739893077,6.6845756194031525,1797.8323030490833,1438.2658424392666,Q3,20000,20,0.4718884504631028,0.09437769009262055
FCEV,western europe,2033,4864.755739893077,6.6845756194031525,1797.8323030490833,1438.2658424392666,Q4,40000,10,0.26936710332856717,0.026936710332856717
ICE-G,western europe,2034,4788.292043305061,9.295376867938897,1859.4,2169.3,Q1,2500,35,3.6197505860014134,1.2669127051004947
ICE-G,western europe,2034,4788.292043305061,9.295376867938897,1859.4,2169.3,Q2,10000,35,0.9746529730098951,0.34112854055346326
ICE-G,western europe,2034,4788.292043305061,9.295376867938897,1859.4,2169.3,Q3,20000,20,0.533803370844642,0.1067606741689284
ICE-G,western europe,2034,4788.292043305061,9.295376867938897,1859.4,2169.3,Q4,40000,10,0.3133785697620155,0.03133785697620155
ICE-D,western europe,2034,4942.802919178087,8.400037058119345,1919.4,2239.3,Q1,2500,35,3.7246015382524287,1.30361053838835
ICE-D,western europe,2034,4942.802919178087,8.400037058119345,1919.4,2239.3,Q2,10000,35,0.9941506624990023,0.34795273187465076
ICE-D,western europe,2034,4942.802919178087,8.400037058119345,1919.4,2239.3,Q3,20000,20,0.5390755165400979,0.10781510330801958
ICE-D,western europe,2034,4942.802919178087,8.400037058119345,1919.4,2239.3,Q4,40000,10,0.3115379435606457,0.031153794356064565
CNG,western europe,2034,4712.9994526203645,5.735990133383777,1435.85,1723.02,Q1,2500,35,3.206107682381984,1.1221376888336945
CNG,western europe,2034,4712.9994526203645,5.735990133383777,1435.85,1723.02,Q2,10000,35,0.8445468465958743,0.295591396308556
CNG,western europe,2034,4712.9994526203645,5.735990133383777,1435.85,1723.02,Q3,20000,20,0.4509533739648561,0.09019067479297121
CNG,western europe,2034,4712.9994526203645,5.735990133383777,1435.85,1723.02,Q4,40000,10,0.25415663764934693,0.025415663764934694
HEV,western europe,2034,4613.51066954219,8.450342607217177,1642.2344730822851,1343.6463870673242,Q1,2500,35,3.1242600379488916,1.093491013282112
HEV,western europe,2034,4613.51066954219,8.450342607217177,1642.2344730822851,1343.6463870673242,Q2,10000,35,0.8444425790413517,0.2955549026644731
HEV,western europe,2034,4613.51066954219,8.450342607217177,1642.2344730822851,1343.6463870673242,Q3,20000,20,0.4644730025567617,0.09289460051135234
HEV,western europe,2034,4613.51066954219,8.450342607217177,1642.2344730822851,1343.6463870673242,Q4,40000,10,0.27448821431446674,0.027448821431446672
PHEV,western europe,2034,5351.520404136194,5.013261802850577,1731.7617202992185,1212.2332042094529,Q1,2500,35,3.368338749486452,1.1789185623202583
PHEV,western europe,2034,5351.520404136194,5.013261802850577,1731.7617202992185,1212.2332042094529,Q2,10000,35,0.8796841508929923,0.3078894528125473
PHEV,western europe,2034,5351.520404136194,5.013261802850577,1731.7617202992185,1212.2332042094529,Q3,20000,20,0.46490838446074906,0.09298167689214981
PHEV,western europe,2034,5351.520404136194,5.013261802850577,1731.7617202992185,1212.2332042094529,Q4,40000,10,0.25752050124462744,0.025752050124462748
BEV,western europe,2034,4747.678231297353,2.9106149185210417,1805.8618270571285,1083.5170962342772,Q1,2500,35,3.083929011020714,1.07937515385725
BEV,western europe,2034,4747.678231297353,2.9106149185210417,1805.8618270571285,1083.5170962342772,Q2,10000,35,0.7928118646440863,0.2774841526254302
BEV,western europe,2034,4747.678231297353,2.9106149185210417,1805.8618270571285,1083.5170962342772,Q3,20000,20,0.4109590069146484,0.08219180138292968
BEV,western europe,2034,4747.678231297353,2.9106149185210417,1805.8618270571285,1083.5170962342772,Q4,40000,10,0.2200325780499294,0.02200325780499294
FCEV,western europe,2034,4817.2558725028475,6.665025868525717,1780.2781234456943,1424.2224987565555,Q1,2500,35,3.2753528565672965,1.1463734997985537
FCEV,western europe,2034,4817.2558725028475,6.665025868525717,1780.2781234456943,1424.2224987565555,Q2,10000,35,0.868825908155767,0.30408906785451845
FCEV,western europe,2034,4817.2558725028475,6.665025868525717,1780.2781234456943,1424.2224987565555,Q3,20000,20,0.46773808342051204,0.09354761668410241
FCEV,western europe,2034,4817.2558725028475,6.665025868525717,1780.2781234456943,1424.2224987565555,Q4,40000,10,0.2671941710528846,0.026719417105288464
ICE-G,western europe,2035,4788.292043305061,9.388330636618283,1859.4,2169.3,Q1,2500,35,3.6206801236882074,1.2672380432908725
ICE-G,western europe,2035,4788.292043305061,9.388330636618283,1859.4,2169.3,Q2,10000,35,0.9755825106966889,0.34145387874384114
ICE-G,western europe,2035,4788.292043305061,9.388330636618283,1859.4,2169.3,Q3,20000,20,0.5347329085314358,0.10694658170628717
ICE-G,western europe,2035,4788.292043305061,9.388330636618283,1859.4,2169.3,Q4,40000,10,0.3143081074488093,0.03143081074488094
ICE-D,western europe,2035,4942.802919178087,8.522145537318822,1919.4,2239.3,Q1,2500,35,3.7258226230444236,1.3040379180655484
ICE-D,western europe,2035,4942.802919178087,8.522145537318822,1919.4,2239.3,Q2,10000,35,0.9953717472909971,0.348380111551849
ICE-D,western europe,2035,4942.802919178087,8.522145537318822,1919.4,2239.3,Q3,20000,20,0.5402966013320927,0.10805932026641854
ICE-D,western europe,2035,4942.802919178087,8.522145537318822,1919.4,2239.3,Q4,40000,10,0.3127590283526404,0.03127590283526404
CNG,western europe,2035,4712.9994526203645,5.793350034717616,1435.85,1723.02,Q1,2500,35,3.2066812813953227,1.122338448488363
CNG,western europe,2035,4712.9994526203645,5.793350034717616,1435.85,1723.02,Q2,10000,35,0.8451204456092127,0.29579215596322445
CNG,western europe,2035,4712.9994526203645,5.793350034717616,1435.85,1723.02,Q3,20000,20,0.45152697297819444,0.09030539459563888
CNG,western europe,2035,4712.9994526203645,5.793350034717616,1435.85,1723.02,Q4,40000,10,0.2547302366626853,0.02547302366626853
HEV,western europe,2035,4611.911119794167,8.534846033289348,1641.6650941589937,1343.1805315846314,Q1,2500,35,3.12405115854801,1.0934179054918034
HEV,western europe,2035,4611.911119794167,8.534846033289348,1641.6650941589937,1343.1805315846314,Q2,10000,35,0.8450241348866726,0.2957584472103354
HEV,western europe,2035,4611.911119794167,8.534846033289348,1641.6650941589937,1343.1805315846314,Q3,20000,20,0.46518629760978303,0.09303725952195661
HEV,western europe,2035,4611.911119794167,8.534846033289348,1641.6650941589937,1343.1805315846314,Q4,40000,10,0.27526737897133824,0.027526737897133825
PHEV,western europe,2035,5345.122205144093,5.082798520335889,1729.69125148725,1210.783876041075,Q1,2500,35,3.365066918272326,1.177773421395314
PHEV,western europe,2035,5345.122205144093,5.082798520335889,1729.69125148725,1210.783876041075,Q2,10000,35,0.8793877184706006,0.30778570146471024
PHEV,western europe,2035,5345.122205144093,5.082798520335889,1729.69125148725,1210.783876041075,Q3,20000,20,0.4651078518369798,0.09302157036739596
PHEV,western europe,2035,5345.122205144093,5.082798520335889,1729.69125148725,1210.783876041075,Q4,40000,10,0.2579679185201693,0.025796791852016932
BEV,western europe,2035,4710.255269598849,2.9688272168914627,1791.6273539748436,1074.976412384906,Q1,2500,35,3.060431886552354,1.071151160293324
BEV,western europe,2035,4710.255269598849,2.9688272168914627,1791.6273539748436,1074.976412384906,Q2,10000,35,0.7873741757647745,0.2755809615176711
BEV,western europe,2035,4710.255269598849,2.9688272168914627,1791.6273539748436,1074.976412384906,Q3,20000,20,0.40853122396684455,0.08170624479336891
BEV,western europe,2035,4710.255269598849,2.9688272168914627,1791.6273539748436,1074.976412384906,Q4,40000,10,0.21910974806787958,0.02191097480678796
FCEV,western europe,2035,4771.194172492295,6.648149947896044,1763.2554368731205,1410.6043494984965,Q1,2500,35,3.244503083024526,1.135576079058584
FCEV,western europe,2035,4771.194172492295,6.648149947896044,1763.2554368731205,1410.6043494984965,Q2,10000,35,0.8609868953653518,0.30134541337787313
FCEV,western europe,2035,4771.194172492295,6.648149947896044,1763.2554368731205,1410.6043494984965,Q3,20000,20,0.4637341974221561,0.09274683948443123
FCEV,western europe,2035,4771.194172492295,6.648149947896044,1763.2554368731205,1410.6043494984965,Q4,40000,10,0.2651078484505583,0.026510784845055826
ICE-G,western europe,2036,4788.292043305061,9.482213942984467,1859.4,2169.3,Q1,2500,35,3.621618956751869,1.2675666348631542
ICE-G,western europe,2036,4788.292043305061,9.482213942984467,1859.4,2169.3,Q2,10000,35,0.9765213437603507,0.34178247031612274
ICE-G,western europe,2036,4788.292043305061,9.482213942984467,1859.4,2169.3,Q3,20000,20,0.5356717415950977,0.10713434831901952
ICE-G,western europe,2036,4788.292043305061,9.482213942984467,1859.4,2169.3,Q4,40000,10,0.3152469405124712,0.03152469405124712
ICE-D,western europe,2036,4942.802919178087,8.646053694434807,1919.4,2239.3,Q1,2500,35,3.727061704615583,1.304471596615454
ICE-D,western europe,2036,4942.802919178087,8.646053694434807,1919.4,2239.3,Q2,10000,35,0.9966108288621569,0.34881379010175495
ICE-D,western europe,2036,4942.802919178087,8.646053694434807,1919.4,2239.3,Q3,20000,20,0.5415356829032525,0.10830713658065051
ICE-D,western europe,2036,4942.802919178087,8.646053694434807,1919.4,2239.3,Q4,40000,10,0.3139981099238003,0.031399810992380026
CNG,western europe,2036,4712.9994526203645,5.851283535064793,1435.85,1723.02,Q1,2500,35,3.2072606163987945,1.122541215739578
CNG,western europe,2036,4712.9994526203645,5.851283535064793,1435.85,1723.02,Q2,10000,35,0.8456997806126845,0.2959949232144396
CNG,western europe,2036,4712.9994526203645,5.851283535064793,1435.85,1723.02,Q3,20000,20,0.45210630798166623,0.09042126159633325
CNG,western europe,2036,4712.9994526203645,5.851283535064793,1435.85,1723.02,Q4,40000,10,0.2553095716661571,0.025530957166615707
HEV,western europe,2036,4610.375552036059,8.620194493622241,1641.118490392634,1342.7333103212459,Q1,2500,35,3.1238928860361983,1.0933625101126694
HEV,western europe,2036,4610.375552036059,8.620194493622241,1641.118490392634,1342.7333103212459,Q2,10000,35,0.8456246802112164,0.2959686380739257
HEV,western europe,2036,4610.375552036059,8.620194493622241,1641.118490392634,1342.7333103212459,Q3,20000,20,0.4659133125737194,0.09318266251474387
HEV,western europe,2036,4610.375552036059,8.620194493622241,1641.118490392634,1342.7333103212459,Q4,40000,10,0.27605762875497086,0.027605762875497087
PHEV,western europe,2036,5338.979934111675,5.1534186869851935,1727.7036014277598,1209.3925209994318,Q1,2500,35,3.3619646094853985,1.1766876133198894
PHEV,western europe,2036,5338.979934111675,5.1534186869851935,1727.7036014277598,1209.3925209994318,Q2,10000,35,0.8791417925237386,0.3076996273833085
PHEV,western europe,2036,5338.979934111675,5.1534186869851935,1727.7036014277598,1209.3925209994318,Q3,20000,20,0.4653379896967953,0.09306759793935906
PHEV,western europe,2036,5338.979934111675,5.1534186869851935,1727.7036014277598,1209.3925209994318,Q4,40000,10,0.2584360882833236,0.02584360882833236
BEV,western europe,2036,4674.3292263682815,3.0282037612292925,1777.9622598158498,1066.7773558895099,Q1,2500,35,3.0379095744417492,1.0632683510546124
BEV,western europe,2036,4674.3292263682815,3.0282037612292925,1777.9622598158498,1066.7773558895099,Q2,10000,35,0.782188921819657,0.27376612263687994
BEV,western europe,2036,4674.3292263682815,3.0282037612292925,1777.9622598158498,1066.7773558895099,Q3,20000,20,0.40623547971597496,0.081247095943195
BEV,western europe,2036,4674.3292263682815,3.0282037612292925,1777.9622598158498,1066.7773558895099,Q4,40000,10,0.21825875866413394,0.021825875866413394
FCEV,western europe,2036,4726.525612350485,6.633940037613781,1746.7476028425053,1397.3980822740043,Q1,2500,35,3.2146079193629356,1.1251127717770273
FCEV,western europe,2036,4726.525612350485,6.633940037613781,1746.7476028425053,1397.3980822740043,Q2,10000,35,0.8534065301228373,0.29869228554299304
FCEV,western europe,2036,4726.525612350485,6.633940037613781,1746.7476028425053,1397.3980822740043,Q3,20000,20,0.4598729652494875,0.0919745930498975
FCEV,western europe,2036,4726.525612350485,6.633940037613781,1746.7476028425053,1397.3980822740043,Q4,40000,10,0.2631061828128127,0.02631061828128127
ICE-G,western europe,2037,4788.292043305061,9.577036082414311,1859.4,2169.3,Q1,2500,35,3.6225671781461672,1.2678985123511586
ICE-G,western europe,2037,4788.292043305061,9.577036082414311,1859.4,2169.3,Q2,10000,35,0.9774695651546492,0.34211434780412725
ICE-G,western europe,2037,4788.292043305061,9.577036082414311,1859.4,2169.3,Q3,20000,20,0.5366199629893962,0.10732399259787924
ICE-G,western europe,2037,4788.292043305061,9.577036082414311,1859.4,2169.3,Q4,40000,10,0.31619516190676966,0.03161951619067697
ICE-D,western europe,2037,4942.802919178087,8.771788528142286,1919.4,2239.3,Q1,2500,35,3.728319052952658,1.3049116685334303
ICE-D,western europe,2037,4942.802919178087,8.771788528142286,1919.4,2239.3,Q2,10000,35,0.9978681771992317,0.34925386201973113
ICE-D,western europe,2037,4942.802919178087,8.771788528142286,1919.4,2239.3,Q3,20000,20,0.5427930312403273,0.10855860624806546
ICE-D,western europe,2037,4942.802919178087,8.771788528142286,1919.4,2239.3,Q4,40000,10,0.3152554582608751,0.031525545826087506
CNG,western europe,2037,4712.9994526203645,5.909796370415441,1435.85,1723.02,Q1,2500,35,3.2078457447523006,1.1227460106633051
CNG,western europe,2037,4712.9994526203645,5.909796370415441,1435.85,1723.02,Q2,10000,35,0.846284908966191,0.29619971813816687
CNG,western europe,2037,4712.9994526203645,5.909796370415441,1435.85,1723.02,Q3,20000,20,0.4526914363351727,0.09053828726703454
CNG,western europe,2037,4712.9994526203645,5.909796370415441,1435.85,1723.02,Q4,40000,10,0.2558947000196635,0.025589470001966354
HEV,western europe,2037,4608.901406988281,8.706396438558464,1640.5937507769288,1342.3039779083963,Q1,2500,35,3.1237836186550276,1.0933242665292595
HEV,western europe,2037,4608.901406988281,8.706396438558464,1640.5937507769288,1342.3039779083963,Q2,10000,35,0.8462438779529453,0.2961853572835309
HEV,western europe,2037,4608.901406988281,8.706396438558464,1640.5937507769288,1342.3039779083963,Q3,20000,20,0.46665392116926496,0.09333078423385299
HEV,western europe,2037,4608.901406988281,8.706396438558464,1640.5937507769288,1342.3039779083963,Q4,40000,10,0.27685894277742484,0.027685894277742484
PHEV,western europe,2037,5333.083353920557,5.225140898929906,1725.7954573706497,1208.056820159455,Q1,2500,35,3.359025661569563,1.175658981549347
PHEV,western europe,2037,5333.083353920557,5.225140898929906,1725.7954573706497,1208.056820159455,Q2,10000,35,0.8789449721343651,0.3076307402470278
PHEV,western europe,2037,5333.083353920557,5.225140898929906,1725.7954573706497,1208.056820159455,Q3,20000,20,0.46559819056183205,0.09311963811236641
PHEV,western europe,2037,5333.083353920557,5.225140898929906,1725.7954573706497,1208.056820159455,Q4,40000,10,0.2589247997755656,0.025892479977556563
BEV,western europe,2037,4639.840224866938,3.0887678364538775,1764.8437694232155,1058.9062616539293,Q1,2500,35,3.0163237807421717,1.05571332325976
BEV,western europe,2037,4639.840224866938,3.0887678364538775,1764.8437694232155,1058.9062616539293,Q2,10000,35,0.777246703958947,0.27203634638563146
BEV,western europe,2037,4639.840224866938,3.0887678364538775,1764.8437694232155,1058.9062616539293,Q3,20000,20,0.4040671911617429,0.08081343823234859
BEV,western europe,2037,4639.840224866938,3.0887678364538775,1764.8437694232155,1058.9062616539293,Q4,40000,10,0.21747743476314085,0.021747743476314082
FCEV,western europe,2037,4683.206604247752,6.622389387310678,1730.738512917499,1384.5908103339993,Q1,2500,35,3.1856382648728063,1.1149733927054823
FCEV,western europe,2037,4683.206604247752,6.622389387310678,1730.738512917499,1384.5908103339993,Q2,10000,35,0.8460774866230317,0.2961271203180611
FCEV,western europe,2037,4683.206604247752,6.622389387310678,1730.738512917499,1384.5908103339993,Q3,20000,20,0.45615069024806926,0.09123013804961384
FCEV,western europe,2037,4683.206604247752,6.622389387310678,1730.738512917499,1384.5908103339993,Q4,40000,10,0.261187292060588,0.0261187292060588
ICE-G,western europe,2038,4788.292043305061,9.672806443238454,1859.4,2169.3,Q1,2500,35,3.623524881754409,1.2682337086140432
ICE-G,western europe,2038,4788.292043305061,9.672806443238454,1859.4,2169.3,Q2,10000,35,0.9784272687628907,0.3424495440670118
ICE-G,western europe,2038,4788.292043305061,9.672806443238454,1859.4,2169.3,Q3,20000,20,0.5375776665976376,0.10751553331952753
ICE-G,western europe,2038,4788.292043305061,9.672806443238454,1859.4,2169.3,Q4,40000,10,0.31715286551501104,0.031715286551501104
ICE-D,western europe,2038,4942.802919178087,8.899377451161378,1919.4,2239.3,Q1,2500,35,3.729594942182849,1.3053582297639972
ICE-D,western europe,2038,4942.802919178087,8.899377451161378,1919.4,2239.3,Q2,10000,35,0.9991440664294227,0.34970042325029793
ICE-D,western europe,2038,4942.802919178087,8.899377451161378,1919.4,2239.3,Q3,20000,20,0.5440689204705182,0.10881378409410365
ICE-D,western europe,2038,4942.802919178087,8.899377451161378,1919.4,2239.3,Q4,40000,10,0.316531347491066,0.0316531347491066
CNG,western europe,2038,4712.9994526203645,5.968894334119596,1435.85,1723.02,Q1,2500,35,3.208436724389342,1.1229528535362698
CNG,western europe,2038,4712.9994526203645,5.968894334119596,1435.85,1723.02,Q2,10000,35,0.8468758886032326,0.2964065610111314
CNG,western europe,2038,4712.9994526203645,5.968894334119596,1435.85,1723.02,Q3,20000,20,0.45328241597221425,0.09065648319444286
CNG,western europe,2038,4712.9994526203645,5.968894334119596,1435.85,1723.02,Q4,40000,10,0.2564856796567051,0.025648567965670513
HEV,western europe,2038,4607.48622774241,8.79346040294405,1640.0900007458517,1341.8918187920603,Q1,2500,35,3.1237218229415697,1.0933026380295494
HEV,western europe,2038,4607.48622774241,8.79346040294405,1640.0900007458517,1341.8918187920603,Q2,10000,35,0.8468814087574729,0.2964084930651155
HEV,western europe,2038,4607.48622774241,8.79346040294405,1640.0900007458517,1341.8918187920603,Q3,20000,20,0.46740800639345664,0.09348160127869132
HEV,western europe,2038,4607.48622774241,8.79346040294405,1640.0900007458517,1341.8918187920603,Q4,40000,10,0.27767130521144856,0.027767130521144857
PHEV,western europe,2038,5327.42263693708,5.2979840934955655,1723.9636390758235,1206.7745473530763,Q1,2500,35,3.356244170281347,1.1746854595984715
PHEV,western europe,2038,5327.42263693708,5.2979840934955655,1723.9636390758235,1206.7745473530763,Q2,10000,35,0.8787959232715535,0.3075785731450437
PHEV,western europe,2038,5327.42263693708,5.2979840934955655,1723.9636390758235,1206.7745473530763,Q3,20000,20,0.4658878821032546,0.09317757642065093
PHEV,western europe,2038,5327.42263693708,5.2979840934955655,1723.9636390758235,1206.7745473530763,Q4,40000,10,0.25943386151910514,0.025943386151910514
BEV,western europe,2038,4606.730783425648,3.150543193182956,1752.250018646287,1051.350011187772,Q1,2500,35,2.9956377572357122,1.0484732150324994
BEV,western europe,2038,4606.730783425648,3.150543193182956,1752.250018646287,1051.350011187772,Q2,10000,35,0.7725385132578002,0.27038847964023005
BEV,western europe,2038,4606.730783425648,3.150543193182956,1752.250018646287,1051.350011187772,Q3,20000,20,0.40202197259481487,0.08040439451896297
BEV,western europe,2038,4606.730783425648,3.150543193182956,1752.250018646287,1051.350011187772,Q4,40000,10,0.21676370226332223,0.021676370226332224
FCEV,western europe,2038,4641.19495315545,6.613492313022621,1715.2125733890687,1372.170058711255,Q1,2500,35,3.1575659572325363,1.1051480850313877
FCEV,western europe,2038,4641.19495315545,6.613492313022621,1715.2125733890687,1372.170058711255,Q2,10000,35,0.8389926816558037,0.29364743857953124
FCEV,western europe,2038,4641.19495315545,6.613492313022621,1715.2125733890687,1372.170058711255,Q3,20000,20,0.45256380239301497,0.09051276047860299
FCEV,western europe,2038,4641.19495315545,6.613492313022621,1715.2125733890687,1372.170058711255,Q4,40000,10,0.25934936276162057,0.025934936276162057
ICE-G,western europe,2039,4788.292043305061,9.76953450767084,1859.4,2169.3,Q1,2500,35,3.6244921623987327,1.2685722568395565
ICE-G,western europe,2039,4788.292043305061,9.76953450767084,1859.4,2169.3,Q2,10000,35,0.9793945494072145,0.3427880922925251
ICE-G,western europe,2039,4788.292043305061,9.76953450767084,1859.4,2169.3,Q3,20000,20,0.5385449472419614,0.10770898944839229
ICE-G,western europe,2039,4788.292043305061,9.76953450767084,1859.4,2169.3,Q4,40000,10,0.3181201461593349,0.03181201461593349
ICE-D,western europe,2039,4942.802919178087,9.028848296775239,1919.4,2239.3,Q1,2500,35,3.730889650638988,1.3058113777236457
ICE-D,western europe,2039,4942.802919178087,9.028848296775239,1919.4,2239.3,Q2,10000,35,1.0004387748855612,0.35015357120994645
ICE-D,western europe,2039,4942.802919178087,9.028848296775239,1919.4,2239.3,Q3,20000,20,0.5453636289266568,0.10907272578533135
ICE-D,western europe,2039,4942.802919178087,9.028848296775239,1919.4,2239.3,Q4,40000,10,0.3178260559472046,0.03178260559472046
CNG,western europe,2039,4712.9994526203645,6.028583277460791,1435.85,1723.02,Q1,2500,35,3.209033613822754,1.123161764837964
CNG,western europe,2039,4712.9994526203645,6.028583277460791,1435.85,1723.02,Q2,10000,35,0.8474727780366444,0.29661547231282553
CNG,western europe,2039,4712.9994526203645,6.028583277460791,1435.85,1723.02,Q3,20000,20,0.4538793054056262,0.09077586108112523
CNG,western europe,2039,4712.9994526203645,6.028583277460791,1435.85,1723.02,Q4,40000,10,0.25708256909011706,0.025708256909011705
HEV,western europe,2039,4607.146584723403,8.881395006973491,1639.969100738393,1341.7929006041397,Q1,2500,35,3.1243773844961096,1.0935320845736383
HEV,western europe,2039,4607.146584723403,8.881395006973491,1639.969100738393,1341.7929006041397,Q2,10000,35,0.8477048086763286,0.296696683036715
HEV,western europe,2039,4607.146584723403,8.881395006973491,1639.969100738393,1341.7929006041397,Q3,20000,20,0.46825937937303175,0.09365187587460636
HEV,western europe,2039,4607.146584723403,8.881395006973491,1639.969100738393,1341.7929006041397,Q4,40000,10,0.27853666472138333,0.027853666472138335
PHEV,western europe,2039,5326.064064861045,5.371967555718406,1723.5240026850659,1206.466801879546,Q1,2500,35,3.356141623327447,1.1746495681646065
PHEV,western europe,2039,5326.064064861045,5.371967555718406,1723.5240026850659,1206.466801879546,Q2,10000,35,0.8793251624997498,0.30776380687491245
PHEV,western europe,2039,5326.064064861045,5.371967555718406,1723.5240026850659,1206.466801879546,Q3,20000,20,0.4665224190284669,0.09330448380569338
PHEV,western europe,2039,5326.064064861045,5.371967555718406,1723.5240026850659,1206.466801879546,Q4,40000,10,0.2601210472928255,0.02601210472928255
BEV,western europe,2039,4598.7845174797385,3.2135540570466157,1749.2275184598238,1049.5365110758942,Q1,2500,35,2.9911549593766487,1.046904235781827
BEV,western europe,2039,4598.7845174797385,3.2135540570466157,1749.2275184598238,1049.5365110758942,Q2,10000,35,0.7718903952720119,0.2701616383452042
BEV,western europe,2039,4598.7845174797385,3.2135540570466157,1749.2275184598238,1049.5365110758942,Q3,20000,20,0.402012967921239,0.0804025935842478
BEV,western europe,2039,4598.7845174797385,3.2135540570466157,1749.2275184598238,1049.5365110758942,Q4,40000,10,0.21707425424585258,0.021707425424585258
FCEV,western europe,2039,4604.0186488121535,6.6072441944894855,1701.4735976973864,1361.178878157909,Q1,2500,35,3.1327408918118747,1.0964593121341561
FCEV,western europe,2039,4604.0186488121535,6.6072441944894855,1701.4735976973864,1361.178878157909,Q2,10000,35,0.8327395544116397,0.2914588440440739
FCEV,western europe,2039,4604.0186488121535,6.6072441944894855,1701.4735976973864,1361.178878157909,Q3,20000,20,0.4494059981782673,0.08988119963565346
FCEV,western europe,2039,4604.0186488121535,6.6072441944894855,1701.4735976973864,1361.178878157909,Q4,40000,10,0.25773922006158106,0.025773922006158106
ICE-G,western europe,2040,4788.292043305061,9.867229852747547,1859.4,2169.3,Q1,2500,35,3.6254691158494996,1.268914190547325
ICE-G,western europe,2040,4788.292043305061,9.867229852747547,1859.4,2169.3,Q2,10000,35,0.9803715028579816,0.3431300260002936
ICE-G,western europe,2040,4788.292043305061,9.867229852747547,1859.4,2169.3,Q3,20000,20,0.5395219006927285,0.10790438013854571
ICE-G,western europe,2040,4788.292043305061,9.867229852747547,1859.4,2169.3,Q4,40000,10,0.319097099610102,0.0319097099610102
ICE-D,western europe,2040,4942.802919178087,9.160229325453646,1919.4,2239.3,Q1,2500,35,3.732203460925772,1.30627121132402
ICE-D,western europe,2040,4942.802919178087,9.160229325453646,1919.4,2239.3,Q2,10000,35,1.0017525851723452,0.35061340481032083
ICE-D,western europe,2040,4942.802919178087,9.160229325453646,1919.4,2239.3,Q3,20000,20,0.5466774392134408,0.10933548784268815
ICE-D,western europe,2040,4942.802919178087,9.160229325453646,1919.4,2239.3,Q4,40000,10,0.31913986623398866,0.031913986623398866
CNG,western europe,2040,4712.9994526203645,6.088869110235399,1435.85,1723.02,Q1,2500,35,3.2096364721505,1.123372765252675
CNG,western europe,2040,4712.9994526203645,6.088869110235399,1435.85,1723.02,Q2,10000,35,0.8480756363643905,0.2968264727275367
CNG,western europe,2040,4712.9994526203645,6.088869110235399,1435.85,1723.02,Q3,20000,20,0.4544821637333723,0.09089643274667447
CNG,western europe,2040,4712.9994526203645,6.088869110235399,1435.85,1723.02,Q4,40000,10,0.25768542741786316,0.02576854274178632
HEV,western europe,2040,4607.146584723403,8.970208957043225,1639.969100738393,1341.7929006041397,Q1,2500,35,3.125265523996807,1.0938429333988824
HEV,western europe,2040,4607.146584723403,8.970208957043225,1639.969100738393,1341.7929006041397,Q2,10000,35,0.8485929481770259,0.29700753186195905
HEV,western europe,2040,4607.146584723403,8.970208957043225,1639.969100738393,1341.7929006041397,Q3,20000,20,0.4691475188737291,0.09382950377474582
HEV,western europe,2040,4607.146584723403,8.970208957043225,1639.969100738393,1341.7929006041397,Q4,40000,10,0.27942480422208066,0.027942480422208066
PHEV,western europe,2040,5326.064064861045,5.447110924989236,1723.5240026850659,1206.466801879546,Q1,2500,35,3.356893057020155,1.1749125699570542
PHEV,western europe,2040,5326.064064861045,5.447110924989236,1723.5240026850659,1206.466801879546,Q2,10000,35,0.8800765961924581,0.3080268086673604
PHEV,western europe,2040,5326.064064861045,5.447110924989236,1723.5240026850659,1206.466801879546,Q3,20000,20,0.4672738527211752,0.09345477054423505
PHEV,western europe,2040,5326.064064861045,5.447110924989236,1723.5240026850659,1206.466801879546,Q4,40000,10,0.2608724809855338,0.02608724809855338
BEV,western europe,2040,4598.7845174797385,3.2778251381875467,1749.2275184598238,1049.5365110758942,Q1,2500,35,2.991797670188058,1.0471291845658204
BEV,western europe,2040,4598.7845174797385,3.2778251381875467,1749.2275184598238,1049.5365110758942,Q2,10000,35,0.7725331060834212,0.2703865871291974
BEV,western europe,2040,4598.7845174797385,3.2778251381875467,1749.2275184598238,1049.5365110758942,Q3,20000,20,0.4026556787326483,0.08053113574652965
BEV,western europe,2040,4598.7845174797385,3.2778251381875467,1749.2275184598238,1049.5365110758942,Q4,40000,10,0.2177169650572619,0.02177169650572619
FCEV,western europe,2040,4604.0186488121535,6.603641472881559,1701.4735976973864,1361.178878157909,Q1,2500,35,3.1327048645957953,1.0964467026085283
FCEV,western europe,2040,4604.0186488121535,6.603641472881559,1701.4735976973864,1361.178878157909,Q2,10000,35,0.8327035271955605,0.29144623451844615
FCEV,western europe,2040,4604.0186488121535,6.603641472881559,1701.4735976973864,1361.178878157909,Q3,20000,20,0.44936997096218806,0.08987399419243762
FCEV,western europe,2040,4604.0186488121535,6.603641472881559,1701.4735976973864,1361.178878157909,Q4,40000,10,0.2577031928455018,0.025770319284550182
